Copyright 1986-2022 Xilinx, Inc. All Rights Reserved.
---------------------------------------------------------------------------------------------------------------------------------------------------------------------------------------------------------------------------------------------------
| Tool Version : Vivado v.2022.2 (win64) Build 3671981 Fri Oct 14 05:00:03 MDT 2022
| Date         : Tue Dec 30 21:18:14 2025
| Host         : LAPTOP-JR95NK3B running 64-bit major release  (build 9200)
| Command      : report_timing_summary -max_paths 10 -report_unconstrained -file CounterBCD_wrapper_timing_summary_routed.rpt -pb CounterBCD_wrapper_timing_summary_routed.pb -rpx CounterBCD_wrapper_timing_summary_routed.rpx -warn_on_violation
| Design       : CounterBCD_wrapper
| Device       : 7a35ti-csg324
| Speed File   : -1L  PRODUCTION 1.23 2018-06-13
---------------------------------------------------------------------------------------------------------------------------------------------------------------------------------------------------------------------------------------------------

Timing Summary Report

------------------------------------------------------------------------------------------------
| Timer Settings
| --------------
------------------------------------------------------------------------------------------------

  Enable Multi Corner Analysis               :  Yes
  Enable Pessimism Removal                   :  Yes
  Pessimism Removal Resolution               :  Nearest Common Node
  Enable Input Delay Default Clock           :  No
  Enable Preset / Clear Arcs                 :  No
  Disable Flight Delays                      :  No
  Ignore I/O Paths                           :  No
  Timing Early Launch at Borrowing Latches   :  No
  Borrow Time for Max Delay Exceptions       :  Yes
  Merge Timing Exceptions                    :  Yes

  Corner  Analyze    Analyze    
  Name    Max Paths  Min Paths  
  ------  ---------  ---------  
  Slow    Yes        Yes        
  Fast    Yes        Yes        


------------------------------------------------------------------------------------------------
| Report Methodology
| ------------------
------------------------------------------------------------------------------------------------

No report available as report_methodology has not been run prior. Run report_methodology on the current design for the summary of methodology violations.



check_timing report

Table of Contents
-----------------
1. checking no_clock (0)
2. checking constant_clock (0)
3. checking pulse_width_clock (0)
4. checking unconstrained_internal_endpoints (0)
5. checking no_input_delay (1)
6. checking no_output_delay (4)
7. checking multiple_clock (0)
8. checking generated_clocks (0)
9. checking loops (0)
10. checking partial_input_delay (0)
11. checking partial_output_delay (0)
12. checking latch_loops (0)

1. checking no_clock (0)
------------------------
 There are 0 register/latch pins with no clock.


2. checking constant_clock (0)
------------------------------
 There are 0 register/latch pins with constant_clock.


3. checking pulse_width_clock (0)
---------------------------------
 There are 0 register/latch pins which need pulse_width check


4. checking unconstrained_internal_endpoints (0)
------------------------------------------------
 There are 0 pins that are not constrained for maximum delay.

 There are 0 pins that are not constrained for maximum delay due to constant clock.


5. checking no_input_delay (1)
------------------------------
 There is 1 input port with no input delay specified. (HIGH)

 There are 0 input ports with no input delay but user has a false path constraint.


6. checking no_output_delay (4)
-------------------------------
 There are 4 ports with no output delay specified. (HIGH)

 There are 0 ports with no output delay but user has a false path constraint

 There are 0 ports with no output delay but with a timing clock defined on it or propagating through it


7. checking multiple_clock (0)
------------------------------
 There are 0 register/latch pins with multiple clocks.


8. checking generated_clocks (0)
--------------------------------
 There are 0 generated clocks that are not connected to a clock source.


9. checking loops (0)
---------------------
 There are 0 combinational loops in the design.


10. checking partial_input_delay (0)
------------------------------------
 There are 0 input ports with partial input delay specified.


11. checking partial_output_delay (0)
-------------------------------------
 There are 0 ports with partial output delay specified.


12. checking latch_loops (0)
----------------------------
 There are 0 combinational latch loops in the design through latch input



------------------------------------------------------------------------------------------------
| Design Timing Summary
| ---------------------
------------------------------------------------------------------------------------------------

    WNS(ns)      TNS(ns)  TNS Failing Endpoints  TNS Total Endpoints      WHS(ns)      THS(ns)  THS Failing Endpoints  THS Total Endpoints     WPWS(ns)     TPWS(ns)  TPWS Failing Endpoints  TPWS Total Endpoints  
    -------      -------  ---------------------  -------------------      -------      -------  ---------------------  -------------------     --------     --------  ----------------------  --------------------  
      2.019        0.000                      0                   23        0.128        0.000                      0                   23        2.000        0.000                       0                    18  


All user specified timing constraints are met.


------------------------------------------------------------------------------------------------
| Clock Summary
| -------------
------------------------------------------------------------------------------------------------

Clock                    Waveform(ns)         Period(ns)      Frequency(MHz)
-----                    ------------         ----------      --------------
clk                      {0.000 5.000}        10.000          100.000         
  clk_out_200_clk_wiz_0  {0.000 2.500}        5.000           200.000         
  clkfbout_clk_wiz_0     {0.000 5.000}        10.000          100.000         


------------------------------------------------------------------------------------------------
| Intra Clock Table
| -----------------
------------------------------------------------------------------------------------------------

Clock                        WNS(ns)      TNS(ns)  TNS Failing Endpoints  TNS Total Endpoints      WHS(ns)      THS(ns)  THS Failing Endpoints  THS Total Endpoints     WPWS(ns)     TPWS(ns)  TPWS Failing Endpoints  TPWS Total Endpoints  
-----                        -------      -------  ---------------------  -------------------      -------      -------  ---------------------  -------------------     --------     --------  ----------------------  --------------------  
clk                                                                                                                                                                        3.000        0.000                       0                     1  
  clk_out_200_clk_wiz_0        2.019        0.000                      0                   23        0.128        0.000                      0                   23        2.000        0.000                       0                    14  
  clkfbout_clk_wiz_0                                                                                                                                                       7.845        0.000                       0                     3  


------------------------------------------------------------------------------------------------
| Inter Clock Table
| -----------------
------------------------------------------------------------------------------------------------

From Clock    To Clock          WNS(ns)      TNS(ns)  TNS Failing Endpoints  TNS Total Endpoints      WHS(ns)      THS(ns)  THS Failing Endpoints  THS Total Endpoints  
----------    --------          -------      -------  ---------------------  -------------------      -------      -------  ---------------------  -------------------  


------------------------------------------------------------------------------------------------
| Other Path Groups Table
| -----------------------
------------------------------------------------------------------------------------------------

Path Group    From Clock    To Clock          WNS(ns)      TNS(ns)  TNS Failing Endpoints  TNS Total Endpoints      WHS(ns)      THS(ns)  THS Failing Endpoints  THS Total Endpoints  
----------    ----------    --------          -------      -------  ---------------------  -------------------      -------      -------  ---------------------  -------------------  


------------------------------------------------------------------------------------------------
| User Ignored Path Table
| -----------------------
------------------------------------------------------------------------------------------------

Path Group    From Clock    To Clock    
----------    ----------    --------    


------------------------------------------------------------------------------------------------
| Unconstrained Path Table
| ------------------------
------------------------------------------------------------------------------------------------

Path Group             From Clock             To Clock             
----------             ----------             --------             
(none)                 clk_out_200_clk_wiz_0                         
(none)                 clkfbout_clk_wiz_0                            
(none)                                        clk_out_200_clk_wiz_0  


------------------------------------------------------------------------------------------------
| Timing Details
| --------------
------------------------------------------------------------------------------------------------


---------------------------------------------------------------------------------------------------
From Clock:  clk
  To Clock:  clk

Setup :           NA  Failing Endpoints,  Worst Slack           NA  ,  Total Violation           NA
Hold  :           NA  Failing Endpoints,  Worst Slack           NA  ,  Total Violation           NA
PW    :            0  Failing Endpoints,  Worst Slack        3.000ns,  Total Violation        0.000ns
---------------------------------------------------------------------------------------------------


Pulse Width Checks
--------------------------------------------------------------------------------------
Clock Name:         clk
Waveform(ns):       { 0.000 5.000 }
Period(ns):         10.000
Sources:            { clk }

Check Type        Corner  Lib Pin            Reference Pin  Required(ns)  Actual(ns)  Slack(ns)  Location         Pin
Min Period        n/a     MMCME2_ADV/CLKIN1  n/a            1.249         10.000      8.751      MMCME2_ADV_X1Y1  CounterBCD_inst/PLL_inst/inst/mmcm_adv_inst/CLKIN1
Max Period        n/a     MMCME2_ADV/CLKIN1  n/a            100.000       10.000      90.000     MMCME2_ADV_X1Y1  CounterBCD_inst/PLL_inst/inst/mmcm_adv_inst/CLKIN1
Low Pulse Width   Slow    MMCME2_ADV/CLKIN1  n/a            2.000         5.000       3.000      MMCME2_ADV_X1Y1  CounterBCD_inst/PLL_inst/inst/mmcm_adv_inst/CLKIN1
Low Pulse Width   Fast    MMCME2_ADV/CLKIN1  n/a            2.000         5.000       3.000      MMCME2_ADV_X1Y1  CounterBCD_inst/PLL_inst/inst/mmcm_adv_inst/CLKIN1
High Pulse Width  Slow    MMCME2_ADV/CLKIN1  n/a            2.000         5.000       3.000      MMCME2_ADV_X1Y1  CounterBCD_inst/PLL_inst/inst/mmcm_adv_inst/CLKIN1
High Pulse Width  Fast    MMCME2_ADV/CLKIN1  n/a            2.000         5.000       3.000      MMCME2_ADV_X1Y1  CounterBCD_inst/PLL_inst/inst/mmcm_adv_inst/CLKIN1



---------------------------------------------------------------------------------------------------
From Clock:  clk_out_200_clk_wiz_0
  To Clock:  clk_out_200_clk_wiz_0

Setup :            0  Failing Endpoints,  Worst Slack        2.019ns,  Total Violation        0.000ns
Hold  :            0  Failing Endpoints,  Worst Slack        0.128ns,  Total Violation        0.000ns
PW    :            0  Failing Endpoints,  Worst Slack        2.000ns,  Total Violation        0.000ns
---------------------------------------------------------------------------------------------------


Max Delay Paths
--------------------------------------------------------------------------------------
Slack (MET) :             2.019ns  (required time - arrival time)
  Source:                 CounterBCD_inst/TickCounter_inst/count_reg[3]/C
                            (rising edge-triggered cell FDRE clocked by clk_out_200_clk_wiz_0  {rise@0.000ns fall@2.500ns period=5.000ns})
  Destination:            CounterBCD_inst/TickCounter_inst/count_reg[2]/R
                            (rising edge-triggered cell FDRE clocked by clk_out_200_clk_wiz_0  {rise@0.000ns fall@2.500ns period=5.000ns})
  Path Group:             clk_out_200_clk_wiz_0
  Path Type:              Setup (Max at Slow Process Corner)
  Requirement:            5.000ns  (clk_out_200_clk_wiz_0 rise@5.000ns - clk_out_200_clk_wiz_0 rise@0.000ns)
  Data Path Delay:        2.367ns  (logic 0.580ns (24.501%)  route 1.787ns (75.499%))
  Logic Levels:           1  (LUT6=1)
  Clock Path Skew:        -0.022ns (DCD - SCD + CPR)
    Destination Clock Delay (DCD):    -1.520ns = ( 3.480 - 5.000 ) 
    Source Clock Delay      (SCD):    -0.920ns
    Clock Pessimism Removal (CPR):    0.579ns
  Clock Uncertainty:      0.067ns  ((TSJ^2 + DJ^2)^1/2) / 2 + PE
    Total System Jitter     (TSJ):    0.071ns
    Discrete Jitter          (DJ):    0.115ns
    Phase Error              (PE):    0.000ns

    Location             Delay type                Incr(ns)  Path(ns)    Netlist Resource(s)
  -------------------------------------------------------------------    -------------------
                         (clock clk_out_200_clk_wiz_0 rise edge)
                                                      0.000     0.000 r  
    E3                                                0.000     0.000 r  clk (IN)
                         net (fo=0)                   0.000     0.000    CounterBCD_inst/PLL_inst/inst/clk_in
    E3                   IBUF (Prop_ibuf_I_O)         1.489     1.489 r  CounterBCD_inst/PLL_inst/inst/clkin1_ibufg/O
                         net (fo=1, routed)           1.233     2.722    CounterBCD_inst/PLL_inst/inst/clk_in_clk_wiz_0
    MMCME2_ADV_X1Y1      MMCME2_ADV (Prop_mmcme2_adv_CLKIN1_CLKOUT1)
                                                     -6.946    -4.224 r  CounterBCD_inst/PLL_inst/inst/mmcm_adv_inst/CLKOUT1
                         net (fo=1, routed)           1.661    -2.563    CounterBCD_inst/PLL_inst/inst/clk_out_200_clk_wiz_0
    BUFGCTRL_X0Y16       BUFG (Prop_bufg_I_O)         0.096    -2.467 r  CounterBCD_inst/PLL_inst/inst/clkout2_buf/O
                         net (fo=12, routed)          1.547    -0.920    CounterBCD_inst/TickCounter_inst/CLK
    SLICE_X31Y25         FDRE                                         r  CounterBCD_inst/TickCounter_inst/count_reg[3]/C
  -------------------------------------------------------------------    -------------------
    SLICE_X31Y25         FDRE (Prop_fdre_C_Q)         0.456    -0.464 f  CounterBCD_inst/TickCounter_inst/count_reg[3]/Q
                         net (fo=5, routed)           1.189     0.726    CounterBCD_inst/TickCounter_inst/count[3]
    SLICE_X30Y25         LUT6 (Prop_lut6_I4_O)        0.124     0.850 r  CounterBCD_inst/TickCounter_inst/count[6]_i_1/O
                         net (fo=8, routed)           0.598     1.448    CounterBCD_inst/TickCounter_inst/count[6]_i_1_n_0
    SLICE_X30Y25         FDRE                                         r  CounterBCD_inst/TickCounter_inst/count_reg[2]/R
  -------------------------------------------------------------------    -------------------

                         (clock clk_out_200_clk_wiz_0 rise edge)
                                                      5.000     5.000 r  
    E3                                                0.000     5.000 r  clk (IN)
                         net (fo=0)                   0.000     5.000    CounterBCD_inst/PLL_inst/inst/clk_in
    E3                   IBUF (Prop_ibuf_I_O)         1.418     6.418 r  CounterBCD_inst/PLL_inst/inst/clkin1_ibufg/O
                         net (fo=1, routed)           1.162     7.580    CounterBCD_inst/PLL_inst/inst/clk_in_clk_wiz_0
    MMCME2_ADV_X1Y1      MMCME2_ADV (Prop_mmcme2_adv_CLKIN1_CLKOUT1)
                                                     -7.204     0.376 r  CounterBCD_inst/PLL_inst/inst/mmcm_adv_inst/CLKOUT1
                         net (fo=1, routed)           1.581     1.957    CounterBCD_inst/PLL_inst/inst/clk_out_200_clk_wiz_0
    BUFGCTRL_X0Y16       BUFG (Prop_bufg_I_O)         0.091     2.048 r  CounterBCD_inst/PLL_inst/inst/clkout2_buf/O
                         net (fo=12, routed)          1.431     3.480    CounterBCD_inst/TickCounter_inst/CLK
    SLICE_X30Y25         FDRE                                         r  CounterBCD_inst/TickCounter_inst/count_reg[2]/C
                         clock pessimism              0.579     4.058    
                         clock uncertainty           -0.067     3.991    
    SLICE_X30Y25         FDRE (Setup_fdre_C_R)       -0.524     3.467    CounterBCD_inst/TickCounter_inst/count_reg[2]
  -------------------------------------------------------------------
                         required time                          3.467    
                         arrival time                          -1.448    
  -------------------------------------------------------------------
                         slack                                  2.019    

Slack (MET) :             2.019ns  (required time - arrival time)
  Source:                 CounterBCD_inst/TickCounter_inst/count_reg[3]/C
                            (rising edge-triggered cell FDRE clocked by clk_out_200_clk_wiz_0  {rise@0.000ns fall@2.500ns period=5.000ns})
  Destination:            CounterBCD_inst/TickCounter_inst/count_reg[5]/R
                            (rising edge-triggered cell FDRE clocked by clk_out_200_clk_wiz_0  {rise@0.000ns fall@2.500ns period=5.000ns})
  Path Group:             clk_out_200_clk_wiz_0
  Path Type:              Setup (Max at Slow Process Corner)
  Requirement:            5.000ns  (clk_out_200_clk_wiz_0 rise@5.000ns - clk_out_200_clk_wiz_0 rise@0.000ns)
  Data Path Delay:        2.367ns  (logic 0.580ns (24.501%)  route 1.787ns (75.499%))
  Logic Levels:           1  (LUT6=1)
  Clock Path Skew:        -0.022ns (DCD - SCD + CPR)
    Destination Clock Delay (DCD):    -1.520ns = ( 3.480 - 5.000 ) 
    Source Clock Delay      (SCD):    -0.920ns
    Clock Pessimism Removal (CPR):    0.579ns
  Clock Uncertainty:      0.067ns  ((TSJ^2 + DJ^2)^1/2) / 2 + PE
    Total System Jitter     (TSJ):    0.071ns
    Discrete Jitter          (DJ):    0.115ns
    Phase Error              (PE):    0.000ns

    Location             Delay type                Incr(ns)  Path(ns)    Netlist Resource(s)
  -------------------------------------------------------------------    -------------------
                         (clock clk_out_200_clk_wiz_0 rise edge)
                                                      0.000     0.000 r  
    E3                                                0.000     0.000 r  clk (IN)
                         net (fo=0)                   0.000     0.000    CounterBCD_inst/PLL_inst/inst/clk_in
    E3                   IBUF (Prop_ibuf_I_O)         1.489     1.489 r  CounterBCD_inst/PLL_inst/inst/clkin1_ibufg/O
                         net (fo=1, routed)           1.233     2.722    CounterBCD_inst/PLL_inst/inst/clk_in_clk_wiz_0
    MMCME2_ADV_X1Y1      MMCME2_ADV (Prop_mmcme2_adv_CLKIN1_CLKOUT1)
                                                     -6.946    -4.224 r  CounterBCD_inst/PLL_inst/inst/mmcm_adv_inst/CLKOUT1
                         net (fo=1, routed)           1.661    -2.563    CounterBCD_inst/PLL_inst/inst/clk_out_200_clk_wiz_0
    BUFGCTRL_X0Y16       BUFG (Prop_bufg_I_O)         0.096    -2.467 r  CounterBCD_inst/PLL_inst/inst/clkout2_buf/O
                         net (fo=12, routed)          1.547    -0.920    CounterBCD_inst/TickCounter_inst/CLK
    SLICE_X31Y25         FDRE                                         r  CounterBCD_inst/TickCounter_inst/count_reg[3]/C
  -------------------------------------------------------------------    -------------------
    SLICE_X31Y25         FDRE (Prop_fdre_C_Q)         0.456    -0.464 f  CounterBCD_inst/TickCounter_inst/count_reg[3]/Q
                         net (fo=5, routed)           1.189     0.726    CounterBCD_inst/TickCounter_inst/count[3]
    SLICE_X30Y25         LUT6 (Prop_lut6_I4_O)        0.124     0.850 r  CounterBCD_inst/TickCounter_inst/count[6]_i_1/O
                         net (fo=8, routed)           0.598     1.448    CounterBCD_inst/TickCounter_inst/count[6]_i_1_n_0
    SLICE_X30Y25         FDRE                                         r  CounterBCD_inst/TickCounter_inst/count_reg[5]/R
  -------------------------------------------------------------------    -------------------

                         (clock clk_out_200_clk_wiz_0 rise edge)
                                                      5.000     5.000 r  
    E3                                                0.000     5.000 r  clk (IN)
                         net (fo=0)                   0.000     5.000    CounterBCD_inst/PLL_inst/inst/clk_in
    E3                   IBUF (Prop_ibuf_I_O)         1.418     6.418 r  CounterBCD_inst/PLL_inst/inst/clkin1_ibufg/O
                         net (fo=1, routed)           1.162     7.580    CounterBCD_inst/PLL_inst/inst/clk_in_clk_wiz_0
    MMCME2_ADV_X1Y1      MMCME2_ADV (Prop_mmcme2_adv_CLKIN1_CLKOUT1)
                                                     -7.204     0.376 r  CounterBCD_inst/PLL_inst/inst/mmcm_adv_inst/CLKOUT1
                         net (fo=1, routed)           1.581     1.957    CounterBCD_inst/PLL_inst/inst/clk_out_200_clk_wiz_0
    BUFGCTRL_X0Y16       BUFG (Prop_bufg_I_O)         0.091     2.048 r  CounterBCD_inst/PLL_inst/inst/clkout2_buf/O
                         net (fo=12, routed)          1.431     3.480    CounterBCD_inst/TickCounter_inst/CLK
    SLICE_X30Y25         FDRE                                         r  CounterBCD_inst/TickCounter_inst/count_reg[5]/C
                         clock pessimism              0.579     4.058    
                         clock uncertainty           -0.067     3.991    
    SLICE_X30Y25         FDRE (Setup_fdre_C_R)       -0.524     3.467    CounterBCD_inst/TickCounter_inst/count_reg[5]
  -------------------------------------------------------------------
                         required time                          3.467    
                         arrival time                          -1.448    
  -------------------------------------------------------------------
                         slack                                  2.019    

Slack (MET) :             2.019ns  (required time - arrival time)
  Source:                 CounterBCD_inst/TickCounter_inst/count_reg[3]/C
                            (rising edge-triggered cell FDRE clocked by clk_out_200_clk_wiz_0  {rise@0.000ns fall@2.500ns period=5.000ns})
  Destination:            CounterBCD_inst/TickCounter_inst/count_reg[6]/R
                            (rising edge-triggered cell FDRE clocked by clk_out_200_clk_wiz_0  {rise@0.000ns fall@2.500ns period=5.000ns})
  Path Group:             clk_out_200_clk_wiz_0
  Path Type:              Setup (Max at Slow Process Corner)
  Requirement:            5.000ns  (clk_out_200_clk_wiz_0 rise@5.000ns - clk_out_200_clk_wiz_0 rise@0.000ns)
  Data Path Delay:        2.367ns  (logic 0.580ns (24.501%)  route 1.787ns (75.499%))
  Logic Levels:           1  (LUT6=1)
  Clock Path Skew:        -0.022ns (DCD - SCD + CPR)
    Destination Clock Delay (DCD):    -1.520ns = ( 3.480 - 5.000 ) 
    Source Clock Delay      (SCD):    -0.920ns
    Clock Pessimism Removal (CPR):    0.579ns
  Clock Uncertainty:      0.067ns  ((TSJ^2 + DJ^2)^1/2) / 2 + PE
    Total System Jitter     (TSJ):    0.071ns
    Discrete Jitter          (DJ):    0.115ns
    Phase Error              (PE):    0.000ns

    Location             Delay type                Incr(ns)  Path(ns)    Netlist Resource(s)
  -------------------------------------------------------------------    -------------------
                         (clock clk_out_200_clk_wiz_0 rise edge)
                                                      0.000     0.000 r  
    E3                                                0.000     0.000 r  clk (IN)
                         net (fo=0)                   0.000     0.000    CounterBCD_inst/PLL_inst/inst/clk_in
    E3                   IBUF (Prop_ibuf_I_O)         1.489     1.489 r  CounterBCD_inst/PLL_inst/inst/clkin1_ibufg/O
                         net (fo=1, routed)           1.233     2.722    CounterBCD_inst/PLL_inst/inst/clk_in_clk_wiz_0
    MMCME2_ADV_X1Y1      MMCME2_ADV (Prop_mmcme2_adv_CLKIN1_CLKOUT1)
                                                     -6.946    -4.224 r  CounterBCD_inst/PLL_inst/inst/mmcm_adv_inst/CLKOUT1
                         net (fo=1, routed)           1.661    -2.563    CounterBCD_inst/PLL_inst/inst/clk_out_200_clk_wiz_0
    BUFGCTRL_X0Y16       BUFG (Prop_bufg_I_O)         0.096    -2.467 r  CounterBCD_inst/PLL_inst/inst/clkout2_buf/O
                         net (fo=12, routed)          1.547    -0.920    CounterBCD_inst/TickCounter_inst/CLK
    SLICE_X31Y25         FDRE                                         r  CounterBCD_inst/TickCounter_inst/count_reg[3]/C
  -------------------------------------------------------------------    -------------------
    SLICE_X31Y25         FDRE (Prop_fdre_C_Q)         0.456    -0.464 f  CounterBCD_inst/TickCounter_inst/count_reg[3]/Q
                         net (fo=5, routed)           1.189     0.726    CounterBCD_inst/TickCounter_inst/count[3]
    SLICE_X30Y25         LUT6 (Prop_lut6_I4_O)        0.124     0.850 r  CounterBCD_inst/TickCounter_inst/count[6]_i_1/O
                         net (fo=8, routed)           0.598     1.448    CounterBCD_inst/TickCounter_inst/count[6]_i_1_n_0
    SLICE_X30Y25         FDRE                                         r  CounterBCD_inst/TickCounter_inst/count_reg[6]/R
  -------------------------------------------------------------------    -------------------

                         (clock clk_out_200_clk_wiz_0 rise edge)
                                                      5.000     5.000 r  
    E3                                                0.000     5.000 r  clk (IN)
                         net (fo=0)                   0.000     5.000    CounterBCD_inst/PLL_inst/inst/clk_in
    E3                   IBUF (Prop_ibuf_I_O)         1.418     6.418 r  CounterBCD_inst/PLL_inst/inst/clkin1_ibufg/O
                         net (fo=1, routed)           1.162     7.580    CounterBCD_inst/PLL_inst/inst/clk_in_clk_wiz_0
    MMCME2_ADV_X1Y1      MMCME2_ADV (Prop_mmcme2_adv_CLKIN1_CLKOUT1)
                                                     -7.204     0.376 r  CounterBCD_inst/PLL_inst/inst/mmcm_adv_inst/CLKOUT1
                         net (fo=1, routed)           1.581     1.957    CounterBCD_inst/PLL_inst/inst/clk_out_200_clk_wiz_0
    BUFGCTRL_X0Y16       BUFG (Prop_bufg_I_O)         0.091     2.048 r  CounterBCD_inst/PLL_inst/inst/clkout2_buf/O
                         net (fo=12, routed)          1.431     3.480    CounterBCD_inst/TickCounter_inst/CLK
    SLICE_X30Y25         FDRE                                         r  CounterBCD_inst/TickCounter_inst/count_reg[6]/C
                         clock pessimism              0.579     4.058    
                         clock uncertainty           -0.067     3.991    
    SLICE_X30Y25         FDRE (Setup_fdre_C_R)       -0.524     3.467    CounterBCD_inst/TickCounter_inst/count_reg[6]
  -------------------------------------------------------------------
                         required time                          3.467    
                         arrival time                          -1.448    
  -------------------------------------------------------------------
                         slack                                  2.019    

Slack (MET) :             2.136ns  (required time - arrival time)
  Source:                 CounterBCD_inst/TickCounter_inst/count_reg[3]/C
                            (rising edge-triggered cell FDRE clocked by clk_out_200_clk_wiz_0  {rise@0.000ns fall@2.500ns period=5.000ns})
  Destination:            CounterBCD_inst/TickCounter_inst/count_reg[0]/R
                            (rising edge-triggered cell FDRE clocked by clk_out_200_clk_wiz_0  {rise@0.000ns fall@2.500ns period=5.000ns})
  Path Group:             clk_out_200_clk_wiz_0
  Path Type:              Setup (Max at Slow Process Corner)
  Requirement:            5.000ns  (clk_out_200_clk_wiz_0 rise@5.000ns - clk_out_200_clk_wiz_0 rise@0.000ns)
  Data Path Delay:        2.367ns  (logic 0.580ns (24.501%)  route 1.787ns (75.499%))
  Logic Levels:           1  (LUT6=1)
  Clock Path Skew:        0.000ns (DCD - SCD + CPR)
    Destination Clock Delay (DCD):    -1.520ns = ( 3.480 - 5.000 ) 
    Source Clock Delay      (SCD):    -0.920ns
    Clock Pessimism Removal (CPR):    0.601ns
  Clock Uncertainty:      0.067ns  ((TSJ^2 + DJ^2)^1/2) / 2 + PE
    Total System Jitter     (TSJ):    0.071ns
    Discrete Jitter          (DJ):    0.115ns
    Phase Error              (PE):    0.000ns

    Location             Delay type                Incr(ns)  Path(ns)    Netlist Resource(s)
  -------------------------------------------------------------------    -------------------
                         (clock clk_out_200_clk_wiz_0 rise edge)
                                                      0.000     0.000 r  
    E3                                                0.000     0.000 r  clk (IN)
                         net (fo=0)                   0.000     0.000    CounterBCD_inst/PLL_inst/inst/clk_in
    E3                   IBUF (Prop_ibuf_I_O)         1.489     1.489 r  CounterBCD_inst/PLL_inst/inst/clkin1_ibufg/O
                         net (fo=1, routed)           1.233     2.722    CounterBCD_inst/PLL_inst/inst/clk_in_clk_wiz_0
    MMCME2_ADV_X1Y1      MMCME2_ADV (Prop_mmcme2_adv_CLKIN1_CLKOUT1)
                                                     -6.946    -4.224 r  CounterBCD_inst/PLL_inst/inst/mmcm_adv_inst/CLKOUT1
                         net (fo=1, routed)           1.661    -2.563    CounterBCD_inst/PLL_inst/inst/clk_out_200_clk_wiz_0
    BUFGCTRL_X0Y16       BUFG (Prop_bufg_I_O)         0.096    -2.467 r  CounterBCD_inst/PLL_inst/inst/clkout2_buf/O
                         net (fo=12, routed)          1.547    -0.920    CounterBCD_inst/TickCounter_inst/CLK
    SLICE_X31Y25         FDRE                                         r  CounterBCD_inst/TickCounter_inst/count_reg[3]/C
  -------------------------------------------------------------------    -------------------
    SLICE_X31Y25         FDRE (Prop_fdre_C_Q)         0.456    -0.464 f  CounterBCD_inst/TickCounter_inst/count_reg[3]/Q
                         net (fo=5, routed)           1.189     0.726    CounterBCD_inst/TickCounter_inst/count[3]
    SLICE_X30Y25         LUT6 (Prop_lut6_I4_O)        0.124     0.850 r  CounterBCD_inst/TickCounter_inst/count[6]_i_1/O
                         net (fo=8, routed)           0.598     1.448    CounterBCD_inst/TickCounter_inst/count[6]_i_1_n_0
    SLICE_X31Y25         FDRE                                         r  CounterBCD_inst/TickCounter_inst/count_reg[0]/R
  -------------------------------------------------------------------    -------------------

                         (clock clk_out_200_clk_wiz_0 rise edge)
                                                      5.000     5.000 r  
    E3                                                0.000     5.000 r  clk (IN)
                         net (fo=0)                   0.000     5.000    CounterBCD_inst/PLL_inst/inst/clk_in
    E3                   IBUF (Prop_ibuf_I_O)         1.418     6.418 r  CounterBCD_inst/PLL_inst/inst/clkin1_ibufg/O
                         net (fo=1, routed)           1.162     7.580    CounterBCD_inst/PLL_inst/inst/clk_in_clk_wiz_0
    MMCME2_ADV_X1Y1      MMCME2_ADV (Prop_mmcme2_adv_CLKIN1_CLKOUT1)
                                                     -7.204     0.376 r  CounterBCD_inst/PLL_inst/inst/mmcm_adv_inst/CLKOUT1
                         net (fo=1, routed)           1.581     1.957    CounterBCD_inst/PLL_inst/inst/clk_out_200_clk_wiz_0
    BUFGCTRL_X0Y16       BUFG (Prop_bufg_I_O)         0.091     2.048 r  CounterBCD_inst/PLL_inst/inst/clkout2_buf/O
                         net (fo=12, routed)          1.431     3.480    CounterBCD_inst/TickCounter_inst/CLK
    SLICE_X31Y25         FDRE                                         r  CounterBCD_inst/TickCounter_inst/count_reg[0]/C
                         clock pessimism              0.601     4.080    
                         clock uncertainty           -0.067     4.013    
    SLICE_X31Y25         FDRE (Setup_fdre_C_R)       -0.429     3.584    CounterBCD_inst/TickCounter_inst/count_reg[0]
  -------------------------------------------------------------------
                         required time                          3.584    
                         arrival time                          -1.448    
  -------------------------------------------------------------------
                         slack                                  2.136    

Slack (MET) :             2.136ns  (required time - arrival time)
  Source:                 CounterBCD_inst/TickCounter_inst/count_reg[3]/C
                            (rising edge-triggered cell FDRE clocked by clk_out_200_clk_wiz_0  {rise@0.000ns fall@2.500ns period=5.000ns})
  Destination:            CounterBCD_inst/TickCounter_inst/count_reg[1]/R
                            (rising edge-triggered cell FDRE clocked by clk_out_200_clk_wiz_0  {rise@0.000ns fall@2.500ns period=5.000ns})
  Path Group:             clk_out_200_clk_wiz_0
  Path Type:              Setup (Max at Slow Process Corner)
  Requirement:            5.000ns  (clk_out_200_clk_wiz_0 rise@5.000ns - clk_out_200_clk_wiz_0 rise@0.000ns)
  Data Path Delay:        2.367ns  (logic 0.580ns (24.501%)  route 1.787ns (75.499%))
  Logic Levels:           1  (LUT6=1)
  Clock Path Skew:        0.000ns (DCD - SCD + CPR)
    Destination Clock Delay (DCD):    -1.520ns = ( 3.480 - 5.000 ) 
    Source Clock Delay      (SCD):    -0.920ns
    Clock Pessimism Removal (CPR):    0.601ns
  Clock Uncertainty:      0.067ns  ((TSJ^2 + DJ^2)^1/2) / 2 + PE
    Total System Jitter     (TSJ):    0.071ns
    Discrete Jitter          (DJ):    0.115ns
    Phase Error              (PE):    0.000ns

    Location             Delay type                Incr(ns)  Path(ns)    Netlist Resource(s)
  -------------------------------------------------------------------    -------------------
                         (clock clk_out_200_clk_wiz_0 rise edge)
                                                      0.000     0.000 r  
    E3                                                0.000     0.000 r  clk (IN)
                         net (fo=0)                   0.000     0.000    CounterBCD_inst/PLL_inst/inst/clk_in
    E3                   IBUF (Prop_ibuf_I_O)         1.489     1.489 r  CounterBCD_inst/PLL_inst/inst/clkin1_ibufg/O
                         net (fo=1, routed)           1.233     2.722    CounterBCD_inst/PLL_inst/inst/clk_in_clk_wiz_0
    MMCME2_ADV_X1Y1      MMCME2_ADV (Prop_mmcme2_adv_CLKIN1_CLKOUT1)
                                                     -6.946    -4.224 r  CounterBCD_inst/PLL_inst/inst/mmcm_adv_inst/CLKOUT1
                         net (fo=1, routed)           1.661    -2.563    CounterBCD_inst/PLL_inst/inst/clk_out_200_clk_wiz_0
    BUFGCTRL_X0Y16       BUFG (Prop_bufg_I_O)         0.096    -2.467 r  CounterBCD_inst/PLL_inst/inst/clkout2_buf/O
                         net (fo=12, routed)          1.547    -0.920    CounterBCD_inst/TickCounter_inst/CLK
    SLICE_X31Y25         FDRE                                         r  CounterBCD_inst/TickCounter_inst/count_reg[3]/C
  -------------------------------------------------------------------    -------------------
    SLICE_X31Y25         FDRE (Prop_fdre_C_Q)         0.456    -0.464 f  CounterBCD_inst/TickCounter_inst/count_reg[3]/Q
                         net (fo=5, routed)           1.189     0.726    CounterBCD_inst/TickCounter_inst/count[3]
    SLICE_X30Y25         LUT6 (Prop_lut6_I4_O)        0.124     0.850 r  CounterBCD_inst/TickCounter_inst/count[6]_i_1/O
                         net (fo=8, routed)           0.598     1.448    CounterBCD_inst/TickCounter_inst/count[6]_i_1_n_0
    SLICE_X31Y25         FDRE                                         r  CounterBCD_inst/TickCounter_inst/count_reg[1]/R
  -------------------------------------------------------------------    -------------------

                         (clock clk_out_200_clk_wiz_0 rise edge)
                                                      5.000     5.000 r  
    E3                                                0.000     5.000 r  clk (IN)
                         net (fo=0)                   0.000     5.000    CounterBCD_inst/PLL_inst/inst/clk_in
    E3                   IBUF (Prop_ibuf_I_O)         1.418     6.418 r  CounterBCD_inst/PLL_inst/inst/clkin1_ibufg/O
                         net (fo=1, routed)           1.162     7.580    CounterBCD_inst/PLL_inst/inst/clk_in_clk_wiz_0
    MMCME2_ADV_X1Y1      MMCME2_ADV (Prop_mmcme2_adv_CLKIN1_CLKOUT1)
                                                     -7.204     0.376 r  CounterBCD_inst/PLL_inst/inst/mmcm_adv_inst/CLKOUT1
                         net (fo=1, routed)           1.581     1.957    CounterBCD_inst/PLL_inst/inst/clk_out_200_clk_wiz_0
    BUFGCTRL_X0Y16       BUFG (Prop_bufg_I_O)         0.091     2.048 r  CounterBCD_inst/PLL_inst/inst/clkout2_buf/O
                         net (fo=12, routed)          1.431     3.480    CounterBCD_inst/TickCounter_inst/CLK
    SLICE_X31Y25         FDRE                                         r  CounterBCD_inst/TickCounter_inst/count_reg[1]/C
                         clock pessimism              0.601     4.080    
                         clock uncertainty           -0.067     4.013    
    SLICE_X31Y25         FDRE (Setup_fdre_C_R)       -0.429     3.584    CounterBCD_inst/TickCounter_inst/count_reg[1]
  -------------------------------------------------------------------
                         required time                          3.584    
                         arrival time                          -1.448    
  -------------------------------------------------------------------
                         slack                                  2.136    

Slack (MET) :             2.136ns  (required time - arrival time)
  Source:                 CounterBCD_inst/TickCounter_inst/count_reg[3]/C
                            (rising edge-triggered cell FDRE clocked by clk_out_200_clk_wiz_0  {rise@0.000ns fall@2.500ns period=5.000ns})
  Destination:            CounterBCD_inst/TickCounter_inst/count_reg[3]/R
                            (rising edge-triggered cell FDRE clocked by clk_out_200_clk_wiz_0  {rise@0.000ns fall@2.500ns period=5.000ns})
  Path Group:             clk_out_200_clk_wiz_0
  Path Type:              Setup (Max at Slow Process Corner)
  Requirement:            5.000ns  (clk_out_200_clk_wiz_0 rise@5.000ns - clk_out_200_clk_wiz_0 rise@0.000ns)
  Data Path Delay:        2.367ns  (logic 0.580ns (24.501%)  route 1.787ns (75.499%))
  Logic Levels:           1  (LUT6=1)
  Clock Path Skew:        0.000ns (DCD - SCD + CPR)
    Destination Clock Delay (DCD):    -1.520ns = ( 3.480 - 5.000 ) 
    Source Clock Delay      (SCD):    -0.920ns
    Clock Pessimism Removal (CPR):    0.601ns
  Clock Uncertainty:      0.067ns  ((TSJ^2 + DJ^2)^1/2) / 2 + PE
    Total System Jitter     (TSJ):    0.071ns
    Discrete Jitter          (DJ):    0.115ns
    Phase Error              (PE):    0.000ns

    Location             Delay type                Incr(ns)  Path(ns)    Netlist Resource(s)
  -------------------------------------------------------------------    -------------------
                         (clock clk_out_200_clk_wiz_0 rise edge)
                                                      0.000     0.000 r  
    E3                                                0.000     0.000 r  clk (IN)
                         net (fo=0)                   0.000     0.000    CounterBCD_inst/PLL_inst/inst/clk_in
    E3                   IBUF (Prop_ibuf_I_O)         1.489     1.489 r  CounterBCD_inst/PLL_inst/inst/clkin1_ibufg/O
                         net (fo=1, routed)           1.233     2.722    CounterBCD_inst/PLL_inst/inst/clk_in_clk_wiz_0
    MMCME2_ADV_X1Y1      MMCME2_ADV (Prop_mmcme2_adv_CLKIN1_CLKOUT1)
                                                     -6.946    -4.224 r  CounterBCD_inst/PLL_inst/inst/mmcm_adv_inst/CLKOUT1
                         net (fo=1, routed)           1.661    -2.563    CounterBCD_inst/PLL_inst/inst/clk_out_200_clk_wiz_0
    BUFGCTRL_X0Y16       BUFG (Prop_bufg_I_O)         0.096    -2.467 r  CounterBCD_inst/PLL_inst/inst/clkout2_buf/O
                         net (fo=12, routed)          1.547    -0.920    CounterBCD_inst/TickCounter_inst/CLK
    SLICE_X31Y25         FDRE                                         r  CounterBCD_inst/TickCounter_inst/count_reg[3]/C
  -------------------------------------------------------------------    -------------------
    SLICE_X31Y25         FDRE (Prop_fdre_C_Q)         0.456    -0.464 f  CounterBCD_inst/TickCounter_inst/count_reg[3]/Q
                         net (fo=5, routed)           1.189     0.726    CounterBCD_inst/TickCounter_inst/count[3]
    SLICE_X30Y25         LUT6 (Prop_lut6_I4_O)        0.124     0.850 r  CounterBCD_inst/TickCounter_inst/count[6]_i_1/O
                         net (fo=8, routed)           0.598     1.448    CounterBCD_inst/TickCounter_inst/count[6]_i_1_n_0
    SLICE_X31Y25         FDRE                                         r  CounterBCD_inst/TickCounter_inst/count_reg[3]/R
  -------------------------------------------------------------------    -------------------

                         (clock clk_out_200_clk_wiz_0 rise edge)
                                                      5.000     5.000 r  
    E3                                                0.000     5.000 r  clk (IN)
                         net (fo=0)                   0.000     5.000    CounterBCD_inst/PLL_inst/inst/clk_in
    E3                   IBUF (Prop_ibuf_I_O)         1.418     6.418 r  CounterBCD_inst/PLL_inst/inst/clkin1_ibufg/O
                         net (fo=1, routed)           1.162     7.580    CounterBCD_inst/PLL_inst/inst/clk_in_clk_wiz_0
    MMCME2_ADV_X1Y1      MMCME2_ADV (Prop_mmcme2_adv_CLKIN1_CLKOUT1)
                                                     -7.204     0.376 r  CounterBCD_inst/PLL_inst/inst/mmcm_adv_inst/CLKOUT1
                         net (fo=1, routed)           1.581     1.957    CounterBCD_inst/PLL_inst/inst/clk_out_200_clk_wiz_0
    BUFGCTRL_X0Y16       BUFG (Prop_bufg_I_O)         0.091     2.048 r  CounterBCD_inst/PLL_inst/inst/clkout2_buf/O
                         net (fo=12, routed)          1.431     3.480    CounterBCD_inst/TickCounter_inst/CLK
    SLICE_X31Y25         FDRE                                         r  CounterBCD_inst/TickCounter_inst/count_reg[3]/C
                         clock pessimism              0.601     4.080    
                         clock uncertainty           -0.067     4.013    
    SLICE_X31Y25         FDRE (Setup_fdre_C_R)       -0.429     3.584    CounterBCD_inst/TickCounter_inst/count_reg[3]
  -------------------------------------------------------------------
                         required time                          3.584    
                         arrival time                          -1.448    
  -------------------------------------------------------------------
                         slack                                  2.136    

Slack (MET) :             2.136ns  (required time - arrival time)
  Source:                 CounterBCD_inst/TickCounter_inst/count_reg[3]/C
                            (rising edge-triggered cell FDRE clocked by clk_out_200_clk_wiz_0  {rise@0.000ns fall@2.500ns period=5.000ns})
  Destination:            CounterBCD_inst/TickCounter_inst/count_reg[4]/R
                            (rising edge-triggered cell FDRE clocked by clk_out_200_clk_wiz_0  {rise@0.000ns fall@2.500ns period=5.000ns})
  Path Group:             clk_out_200_clk_wiz_0
  Path Type:              Setup (Max at Slow Process Corner)
  Requirement:            5.000ns  (clk_out_200_clk_wiz_0 rise@5.000ns - clk_out_200_clk_wiz_0 rise@0.000ns)
  Data Path Delay:        2.367ns  (logic 0.580ns (24.501%)  route 1.787ns (75.499%))
  Logic Levels:           1  (LUT6=1)
  Clock Path Skew:        0.000ns (DCD - SCD + CPR)
    Destination Clock Delay (DCD):    -1.520ns = ( 3.480 - 5.000 ) 
    Source Clock Delay      (SCD):    -0.920ns
    Clock Pessimism Removal (CPR):    0.601ns
  Clock Uncertainty:      0.067ns  ((TSJ^2 + DJ^2)^1/2) / 2 + PE
    Total System Jitter     (TSJ):    0.071ns
    Discrete Jitter          (DJ):    0.115ns
    Phase Error              (PE):    0.000ns

    Location             Delay type                Incr(ns)  Path(ns)    Netlist Resource(s)
  -------------------------------------------------------------------    -------------------
                         (clock clk_out_200_clk_wiz_0 rise edge)
                                                      0.000     0.000 r  
    E3                                                0.000     0.000 r  clk (IN)
                         net (fo=0)                   0.000     0.000    CounterBCD_inst/PLL_inst/inst/clk_in
    E3                   IBUF (Prop_ibuf_I_O)         1.489     1.489 r  CounterBCD_inst/PLL_inst/inst/clkin1_ibufg/O
                         net (fo=1, routed)           1.233     2.722    CounterBCD_inst/PLL_inst/inst/clk_in_clk_wiz_0
    MMCME2_ADV_X1Y1      MMCME2_ADV (Prop_mmcme2_adv_CLKIN1_CLKOUT1)
                                                     -6.946    -4.224 r  CounterBCD_inst/PLL_inst/inst/mmcm_adv_inst/CLKOUT1
                         net (fo=1, routed)           1.661    -2.563    CounterBCD_inst/PLL_inst/inst/clk_out_200_clk_wiz_0
    BUFGCTRL_X0Y16       BUFG (Prop_bufg_I_O)         0.096    -2.467 r  CounterBCD_inst/PLL_inst/inst/clkout2_buf/O
                         net (fo=12, routed)          1.547    -0.920    CounterBCD_inst/TickCounter_inst/CLK
    SLICE_X31Y25         FDRE                                         r  CounterBCD_inst/TickCounter_inst/count_reg[3]/C
  -------------------------------------------------------------------    -------------------
    SLICE_X31Y25         FDRE (Prop_fdre_C_Q)         0.456    -0.464 f  CounterBCD_inst/TickCounter_inst/count_reg[3]/Q
                         net (fo=5, routed)           1.189     0.726    CounterBCD_inst/TickCounter_inst/count[3]
    SLICE_X30Y25         LUT6 (Prop_lut6_I4_O)        0.124     0.850 r  CounterBCD_inst/TickCounter_inst/count[6]_i_1/O
                         net (fo=8, routed)           0.598     1.448    CounterBCD_inst/TickCounter_inst/count[6]_i_1_n_0
    SLICE_X31Y25         FDRE                                         r  CounterBCD_inst/TickCounter_inst/count_reg[4]/R
  -------------------------------------------------------------------    -------------------

                         (clock clk_out_200_clk_wiz_0 rise edge)
                                                      5.000     5.000 r  
    E3                                                0.000     5.000 r  clk (IN)
                         net (fo=0)                   0.000     5.000    CounterBCD_inst/PLL_inst/inst/clk_in
    E3                   IBUF (Prop_ibuf_I_O)         1.418     6.418 r  CounterBCD_inst/PLL_inst/inst/clkin1_ibufg/O
                         net (fo=1, routed)           1.162     7.580    CounterBCD_inst/PLL_inst/inst/clk_in_clk_wiz_0
    MMCME2_ADV_X1Y1      MMCME2_ADV (Prop_mmcme2_adv_CLKIN1_CLKOUT1)
                                                     -7.204     0.376 r  CounterBCD_inst/PLL_inst/inst/mmcm_adv_inst/CLKOUT1
                         net (fo=1, routed)           1.581     1.957    CounterBCD_inst/PLL_inst/inst/clk_out_200_clk_wiz_0
    BUFGCTRL_X0Y16       BUFG (Prop_bufg_I_O)         0.091     2.048 r  CounterBCD_inst/PLL_inst/inst/clkout2_buf/O
                         net (fo=12, routed)          1.431     3.480    CounterBCD_inst/TickCounter_inst/CLK
    SLICE_X31Y25         FDRE                                         r  CounterBCD_inst/TickCounter_inst/count_reg[4]/C
                         clock pessimism              0.601     4.080    
                         clock uncertainty           -0.067     4.013    
    SLICE_X31Y25         FDRE (Setup_fdre_C_R)       -0.429     3.584    CounterBCD_inst/TickCounter_inst/count_reg[4]
  -------------------------------------------------------------------
                         required time                          3.584    
                         arrival time                          -1.448    
  -------------------------------------------------------------------
                         slack                                  2.136    

Slack (MET) :             2.632ns  (required time - arrival time)
  Source:                 CounterBCD_inst/TickCounter_inst/count_reg[3]/C
                            (rising edge-triggered cell FDRE clocked by clk_out_200_clk_wiz_0  {rise@0.000ns fall@2.500ns period=5.000ns})
  Destination:            CounterBCD_inst/TickCounter_inst/tick_reg/D
                            (rising edge-triggered cell FDRE clocked by clk_out_200_clk_wiz_0  {rise@0.000ns fall@2.500ns period=5.000ns})
  Path Group:             clk_out_200_clk_wiz_0
  Path Type:              Setup (Max at Slow Process Corner)
  Requirement:            5.000ns  (clk_out_200_clk_wiz_0 rise@5.000ns - clk_out_200_clk_wiz_0 rise@0.000ns)
  Data Path Delay:        2.251ns  (logic 0.580ns (25.768%)  route 1.671ns (74.232%))
  Logic Levels:           1  (LUT6=1)
  Clock Path Skew:        -0.019ns (DCD - SCD + CPR)
    Destination Clock Delay (DCD):    -1.517ns = ( 3.483 - 5.000 ) 
    Source Clock Delay      (SCD):    -0.920ns
    Clock Pessimism Removal (CPR):    0.579ns
  Clock Uncertainty:      0.067ns  ((TSJ^2 + DJ^2)^1/2) / 2 + PE
    Total System Jitter     (TSJ):    0.071ns
    Discrete Jitter          (DJ):    0.115ns
    Phase Error              (PE):    0.000ns

    Location             Delay type                Incr(ns)  Path(ns)    Netlist Resource(s)
  -------------------------------------------------------------------    -------------------
                         (clock clk_out_200_clk_wiz_0 rise edge)
                                                      0.000     0.000 r  
    E3                                                0.000     0.000 r  clk (IN)
                         net (fo=0)                   0.000     0.000    CounterBCD_inst/PLL_inst/inst/clk_in
    E3                   IBUF (Prop_ibuf_I_O)         1.489     1.489 r  CounterBCD_inst/PLL_inst/inst/clkin1_ibufg/O
                         net (fo=1, routed)           1.233     2.722    CounterBCD_inst/PLL_inst/inst/clk_in_clk_wiz_0
    MMCME2_ADV_X1Y1      MMCME2_ADV (Prop_mmcme2_adv_CLKIN1_CLKOUT1)
                                                     -6.946    -4.224 r  CounterBCD_inst/PLL_inst/inst/mmcm_adv_inst/CLKOUT1
                         net (fo=1, routed)           1.661    -2.563    CounterBCD_inst/PLL_inst/inst/clk_out_200_clk_wiz_0
    BUFGCTRL_X0Y16       BUFG (Prop_bufg_I_O)         0.096    -2.467 r  CounterBCD_inst/PLL_inst/inst/clkout2_buf/O
                         net (fo=12, routed)          1.547    -0.920    CounterBCD_inst/TickCounter_inst/CLK
    SLICE_X31Y25         FDRE                                         r  CounterBCD_inst/TickCounter_inst/count_reg[3]/C
  -------------------------------------------------------------------    -------------------
    SLICE_X31Y25         FDRE (Prop_fdre_C_Q)         0.456    -0.464 f  CounterBCD_inst/TickCounter_inst/count_reg[3]/Q
                         net (fo=5, routed)           1.189     0.726    CounterBCD_inst/TickCounter_inst/count[3]
    SLICE_X30Y25         LUT6 (Prop_lut6_I4_O)        0.124     0.850 r  CounterBCD_inst/TickCounter_inst/count[6]_i_1/O
                         net (fo=8, routed)           0.482     1.331    CounterBCD_inst/TickCounter_inst/count[6]_i_1_n_0
    SLICE_X30Y27         FDRE                                         r  CounterBCD_inst/TickCounter_inst/tick_reg/D
  -------------------------------------------------------------------    -------------------

                         (clock clk_out_200_clk_wiz_0 rise edge)
                                                      5.000     5.000 r  
    E3                                                0.000     5.000 r  clk (IN)
                         net (fo=0)                   0.000     5.000    CounterBCD_inst/PLL_inst/inst/clk_in
    E3                   IBUF (Prop_ibuf_I_O)         1.418     6.418 r  CounterBCD_inst/PLL_inst/inst/clkin1_ibufg/O
                         net (fo=1, routed)           1.162     7.580    CounterBCD_inst/PLL_inst/inst/clk_in_clk_wiz_0
    MMCME2_ADV_X1Y1      MMCME2_ADV (Prop_mmcme2_adv_CLKIN1_CLKOUT1)
                                                     -7.204     0.376 r  CounterBCD_inst/PLL_inst/inst/mmcm_adv_inst/CLKOUT1
                         net (fo=1, routed)           1.581     1.957    CounterBCD_inst/PLL_inst/inst/clk_out_200_clk_wiz_0
    BUFGCTRL_X0Y16       BUFG (Prop_bufg_I_O)         0.091     2.048 r  CounterBCD_inst/PLL_inst/inst/clkout2_buf/O
                         net (fo=12, routed)          1.434     3.483    CounterBCD_inst/TickCounter_inst/CLK
    SLICE_X30Y27         FDRE                                         r  CounterBCD_inst/TickCounter_inst/tick_reg/C
                         clock pessimism              0.579     4.061    
                         clock uncertainty           -0.067     3.994    
    SLICE_X30Y27         FDRE (Setup_fdre_C_D)       -0.031     3.963    CounterBCD_inst/TickCounter_inst/tick_reg
  -------------------------------------------------------------------
                         required time                          3.963    
                         arrival time                          -1.331    
  -------------------------------------------------------------------
                         slack                                  2.632    

Slack (MET) :             2.656ns  (required time - arrival time)
  Source:                 CounterBCD_inst/TickCounter_inst/count_reg[2]/C
                            (rising edge-triggered cell FDRE clocked by clk_out_200_clk_wiz_0  {rise@0.000ns fall@2.500ns period=5.000ns})
  Destination:            CounterBCD_inst/TickCounter_inst/count_reg[2]/D
                            (rising edge-triggered cell FDRE clocked by clk_out_200_clk_wiz_0  {rise@0.000ns fall@2.500ns period=5.000ns})
  Path Group:             clk_out_200_clk_wiz_0
  Path Type:              Setup (Max at Slow Process Corner)
  Requirement:            5.000ns  (clk_out_200_clk_wiz_0 rise@5.000ns - clk_out_200_clk_wiz_0 rise@0.000ns)
  Data Path Delay:        2.037ns  (logic 0.801ns (39.328%)  route 1.236ns (60.672%))
  Logic Levels:           1  (LUT3=1)
  Clock Path Skew:        0.000ns (DCD - SCD + CPR)
    Destination Clock Delay (DCD):    -1.520ns = ( 3.480 - 5.000 ) 
    Source Clock Delay      (SCD):    -0.920ns
    Clock Pessimism Removal (CPR):    0.601ns
  Clock Uncertainty:      0.067ns  ((TSJ^2 + DJ^2)^1/2) / 2 + PE
    Total System Jitter     (TSJ):    0.071ns
    Discrete Jitter          (DJ):    0.115ns
    Phase Error              (PE):    0.000ns

    Location             Delay type                Incr(ns)  Path(ns)    Netlist Resource(s)
  -------------------------------------------------------------------    -------------------
                         (clock clk_out_200_clk_wiz_0 rise edge)
                                                      0.000     0.000 r  
    E3                                                0.000     0.000 r  clk (IN)
                         net (fo=0)                   0.000     0.000    CounterBCD_inst/PLL_inst/inst/clk_in
    E3                   IBUF (Prop_ibuf_I_O)         1.489     1.489 r  CounterBCD_inst/PLL_inst/inst/clkin1_ibufg/O
                         net (fo=1, routed)           1.233     2.722    CounterBCD_inst/PLL_inst/inst/clk_in_clk_wiz_0
    MMCME2_ADV_X1Y1      MMCME2_ADV (Prop_mmcme2_adv_CLKIN1_CLKOUT1)
                                                     -6.946    -4.224 r  CounterBCD_inst/PLL_inst/inst/mmcm_adv_inst/CLKOUT1
                         net (fo=1, routed)           1.661    -2.563    CounterBCD_inst/PLL_inst/inst/clk_out_200_clk_wiz_0
    BUFGCTRL_X0Y16       BUFG (Prop_bufg_I_O)         0.096    -2.467 r  CounterBCD_inst/PLL_inst/inst/clkout2_buf/O
                         net (fo=12, routed)          1.547    -0.920    CounterBCD_inst/TickCounter_inst/CLK
    SLICE_X30Y25         FDRE                                         r  CounterBCD_inst/TickCounter_inst/count_reg[2]/C
  -------------------------------------------------------------------    -------------------
    SLICE_X30Y25         FDRE (Prop_fdre_C_Q)         0.478    -0.442 r  CounterBCD_inst/TickCounter_inst/count_reg[2]/Q
                         net (fo=6, routed)           0.900     0.458    CounterBCD_inst/TickCounter_inst/count[2]
    SLICE_X30Y25         LUT3 (Prop_lut3_I2_O)        0.323     0.781 r  CounterBCD_inst/TickCounter_inst/count[2]_i_1/O
                         net (fo=1, routed)           0.336     1.117    CounterBCD_inst/TickCounter_inst/plusOp[2]
    SLICE_X30Y25         FDRE                                         r  CounterBCD_inst/TickCounter_inst/count_reg[2]/D
  -------------------------------------------------------------------    -------------------

                         (clock clk_out_200_clk_wiz_0 rise edge)
                                                      5.000     5.000 r  
    E3                                                0.000     5.000 r  clk (IN)
                         net (fo=0)                   0.000     5.000    CounterBCD_inst/PLL_inst/inst/clk_in
    E3                   IBUF (Prop_ibuf_I_O)         1.418     6.418 r  CounterBCD_inst/PLL_inst/inst/clkin1_ibufg/O
                         net (fo=1, routed)           1.162     7.580    CounterBCD_inst/PLL_inst/inst/clk_in_clk_wiz_0
    MMCME2_ADV_X1Y1      MMCME2_ADV (Prop_mmcme2_adv_CLKIN1_CLKOUT1)
                                                     -7.204     0.376 r  CounterBCD_inst/PLL_inst/inst/mmcm_adv_inst/CLKOUT1
                         net (fo=1, routed)           1.581     1.957    CounterBCD_inst/PLL_inst/inst/clk_out_200_clk_wiz_0
    BUFGCTRL_X0Y16       BUFG (Prop_bufg_I_O)         0.091     2.048 r  CounterBCD_inst/PLL_inst/inst/clkout2_buf/O
                         net (fo=12, routed)          1.431     3.480    CounterBCD_inst/TickCounter_inst/CLK
    SLICE_X30Y25         FDRE                                         r  CounterBCD_inst/TickCounter_inst/count_reg[2]/C
                         clock pessimism              0.601     4.080    
                         clock uncertainty           -0.067     4.013    
    SLICE_X30Y25         FDRE (Setup_fdre_C_D)       -0.240     3.773    CounterBCD_inst/TickCounter_inst/count_reg[2]
  -------------------------------------------------------------------
                         required time                          3.773    
                         arrival time                          -1.117    
  -------------------------------------------------------------------
                         slack                                  2.656    

Slack (MET) :             3.004ns  (required time - arrival time)
  Source:                 CounterBCD_inst/TickCounter_inst/count_reg[1]/C
                            (rising edge-triggered cell FDRE clocked by clk_out_200_clk_wiz_0  {rise@0.000ns fall@2.500ns period=5.000ns})
  Destination:            CounterBCD_inst/TickCounter_inst/count_reg[6]/D
                            (rising edge-triggered cell FDRE clocked by clk_out_200_clk_wiz_0  {rise@0.000ns fall@2.500ns period=5.000ns})
  Path Group:             clk_out_200_clk_wiz_0
  Path Type:              Setup (Max at Slow Process Corner)
  Requirement:            5.000ns  (clk_out_200_clk_wiz_0 rise@5.000ns - clk_out_200_clk_wiz_0 rise@0.000ns)
  Data Path Delay:        1.984ns  (logic 0.842ns (42.442%)  route 1.142ns (57.558%))
  Logic Levels:           2  (LUT2=1 LUT6=1)
  Clock Path Skew:        -0.022ns (DCD - SCD + CPR)
    Destination Clock Delay (DCD):    -1.520ns = ( 3.480 - 5.000 ) 
    Source Clock Delay      (SCD):    -0.920ns
    Clock Pessimism Removal (CPR):    0.579ns
  Clock Uncertainty:      0.067ns  ((TSJ^2 + DJ^2)^1/2) / 2 + PE
    Total System Jitter     (TSJ):    0.071ns
    Discrete Jitter          (DJ):    0.115ns
    Phase Error              (PE):    0.000ns

    Location             Delay type                Incr(ns)  Path(ns)    Netlist Resource(s)
  -------------------------------------------------------------------    -------------------
                         (clock clk_out_200_clk_wiz_0 rise edge)
                                                      0.000     0.000 r  
    E3                                                0.000     0.000 r  clk (IN)
                         net (fo=0)                   0.000     0.000    CounterBCD_inst/PLL_inst/inst/clk_in
    E3                   IBUF (Prop_ibuf_I_O)         1.489     1.489 r  CounterBCD_inst/PLL_inst/inst/clkin1_ibufg/O
                         net (fo=1, routed)           1.233     2.722    CounterBCD_inst/PLL_inst/inst/clk_in_clk_wiz_0
    MMCME2_ADV_X1Y1      MMCME2_ADV (Prop_mmcme2_adv_CLKIN1_CLKOUT1)
                                                     -6.946    -4.224 r  CounterBCD_inst/PLL_inst/inst/mmcm_adv_inst/CLKOUT1
                         net (fo=1, routed)           1.661    -2.563    CounterBCD_inst/PLL_inst/inst/clk_out_200_clk_wiz_0
    BUFGCTRL_X0Y16       BUFG (Prop_bufg_I_O)         0.096    -2.467 r  CounterBCD_inst/PLL_inst/inst/clkout2_buf/O
                         net (fo=12, routed)          1.547    -0.920    CounterBCD_inst/TickCounter_inst/CLK
    SLICE_X31Y25         FDRE                                         r  CounterBCD_inst/TickCounter_inst/count_reg[1]/C
  -------------------------------------------------------------------    -------------------
    SLICE_X31Y25         FDRE (Prop_fdre_C_Q)         0.419    -0.501 f  CounterBCD_inst/TickCounter_inst/count_reg[1]/Q
                         net (fo=6, routed)           0.679     0.178    CounterBCD_inst/TickCounter_inst/count[1]
    SLICE_X30Y25         LUT2 (Prop_lut2_I1_O)        0.299     0.477 r  CounterBCD_inst/TickCounter_inst/count[6]_i_3/O
                         net (fo=2, routed)           0.463     0.940    CounterBCD_inst/TickCounter_inst/count[6]_i_3_n_0
    SLICE_X30Y25         LUT6 (Prop_lut6_I2_O)        0.124     1.064 r  CounterBCD_inst/TickCounter_inst/count[6]_i_2/O
                         net (fo=1, routed)           0.000     1.064    CounterBCD_inst/TickCounter_inst/plusOp[6]
    SLICE_X30Y25         FDRE                                         r  CounterBCD_inst/TickCounter_inst/count_reg[6]/D
  -------------------------------------------------------------------    -------------------

                         (clock clk_out_200_clk_wiz_0 rise edge)
                                                      5.000     5.000 r  
    E3                                                0.000     5.000 r  clk (IN)
                         net (fo=0)                   0.000     5.000    CounterBCD_inst/PLL_inst/inst/clk_in
    E3                   IBUF (Prop_ibuf_I_O)         1.418     6.418 r  CounterBCD_inst/PLL_inst/inst/clkin1_ibufg/O
                         net (fo=1, routed)           1.162     7.580    CounterBCD_inst/PLL_inst/inst/clk_in_clk_wiz_0
    MMCME2_ADV_X1Y1      MMCME2_ADV (Prop_mmcme2_adv_CLKIN1_CLKOUT1)
                                                     -7.204     0.376 r  CounterBCD_inst/PLL_inst/inst/mmcm_adv_inst/CLKOUT1
                         net (fo=1, routed)           1.581     1.957    CounterBCD_inst/PLL_inst/inst/clk_out_200_clk_wiz_0
    BUFGCTRL_X0Y16       BUFG (Prop_bufg_I_O)         0.091     2.048 r  CounterBCD_inst/PLL_inst/inst/clkout2_buf/O
                         net (fo=12, routed)          1.431     3.480    CounterBCD_inst/TickCounter_inst/CLK
    SLICE_X30Y25         FDRE                                         r  CounterBCD_inst/TickCounter_inst/count_reg[6]/C
                         clock pessimism              0.579     4.058    
                         clock uncertainty           -0.067     3.991    
    SLICE_X30Y25         FDRE (Setup_fdre_C_D)        0.077     4.068    CounterBCD_inst/TickCounter_inst/count_reg[6]
  -------------------------------------------------------------------
                         required time                          4.068    
                         arrival time                          -1.064    
  -------------------------------------------------------------------
                         slack                                  3.004    





Min Delay Paths
--------------------------------------------------------------------------------------
Slack (MET) :             0.128ns  (arrival time - required time)
  Source:                 CounterBCD_inst/TickCounter_inst/count_reg[3]/C
                            (rising edge-triggered cell FDRE clocked by clk_out_200_clk_wiz_0  {rise@0.000ns fall@2.500ns period=5.000ns})
  Destination:            CounterBCD_inst/TickCounter_inst/count_reg[5]/D
                            (rising edge-triggered cell FDRE clocked by clk_out_200_clk_wiz_0  {rise@0.000ns fall@2.500ns period=5.000ns})
  Path Group:             clk_out_200_clk_wiz_0
  Path Type:              Hold (Min at Fast Process Corner)
  Requirement:            0.000ns  (clk_out_200_clk_wiz_0 rise@0.000ns - clk_out_200_clk_wiz_0 rise@0.000ns)
  Data Path Delay:        0.262ns  (logic 0.186ns (70.964%)  route 0.076ns (29.036%))
  Logic Levels:           1  (LUT6=1)
  Clock Path Skew:        0.013ns (DCD - SCD - CPR)
    Destination Clock Delay (DCD):    -0.837ns
    Source Clock Delay      (SCD):    -0.595ns
    Clock Pessimism Removal (CPR):    -0.255ns

    Location             Delay type                Incr(ns)  Path(ns)    Netlist Resource(s)
  -------------------------------------------------------------------    -------------------
                         (clock clk_out_200_clk_wiz_0 rise edge)
                                                      0.000     0.000 r  
    E3                                                0.000     0.000 r  clk (IN)
                         net (fo=0)                   0.000     0.000    CounterBCD_inst/PLL_inst/inst/clk_in
    E3                   IBUF (Prop_ibuf_I_O)         0.257     0.257 r  CounterBCD_inst/PLL_inst/inst/clkin1_ibufg/O
                         net (fo=1, routed)           0.440     0.697    CounterBCD_inst/PLL_inst/inst/clk_in_clk_wiz_0
    MMCME2_ADV_X1Y1      MMCME2_ADV (Prop_mmcme2_adv_CLKIN1_CLKOUT1)
                                                     -2.356    -1.659 r  CounterBCD_inst/PLL_inst/inst/mmcm_adv_inst/CLKOUT1
                         net (fo=1, routed)           0.486    -1.173    CounterBCD_inst/PLL_inst/inst/clk_out_200_clk_wiz_0
    BUFGCTRL_X0Y16       BUFG (Prop_bufg_I_O)         0.026    -1.147 r  CounterBCD_inst/PLL_inst/inst/clkout2_buf/O
                         net (fo=12, routed)          0.552    -0.595    CounterBCD_inst/TickCounter_inst/CLK
    SLICE_X31Y25         FDRE                                         r  CounterBCD_inst/TickCounter_inst/count_reg[3]/C
  -------------------------------------------------------------------    -------------------
    SLICE_X31Y25         FDRE (Prop_fdre_C_Q)         0.141    -0.454 r  CounterBCD_inst/TickCounter_inst/count_reg[3]/Q
                         net (fo=5, routed)           0.076    -0.378    CounterBCD_inst/TickCounter_inst/count[3]
    SLICE_X30Y25         LUT6 (Prop_lut6_I4_O)        0.045    -0.333 r  CounterBCD_inst/TickCounter_inst/count[5]_i_1/O
                         net (fo=1, routed)           0.000    -0.333    CounterBCD_inst/TickCounter_inst/plusOp[5]
    SLICE_X30Y25         FDRE                                         r  CounterBCD_inst/TickCounter_inst/count_reg[5]/D
  -------------------------------------------------------------------    -------------------

                         (clock clk_out_200_clk_wiz_0 rise edge)
                                                      0.000     0.000 r  
    E3                                                0.000     0.000 r  clk (IN)
                         net (fo=0)                   0.000     0.000    CounterBCD_inst/PLL_inst/inst/clk_in
    E3                   IBUF (Prop_ibuf_I_O)         0.445     0.445 r  CounterBCD_inst/PLL_inst/inst/clkin1_ibufg/O
                         net (fo=1, routed)           0.480     0.925    CounterBCD_inst/PLL_inst/inst/clk_in_clk_wiz_0
    MMCME2_ADV_X1Y1      MMCME2_ADV (Prop_mmcme2_adv_CLKIN1_CLKOUT1)
                                                     -3.138    -2.213 r  CounterBCD_inst/PLL_inst/inst/mmcm_adv_inst/CLKOUT1
                         net (fo=1, routed)           0.530    -1.684    CounterBCD_inst/PLL_inst/inst/clk_out_200_clk_wiz_0
    BUFGCTRL_X0Y16       BUFG (Prop_bufg_I_O)         0.029    -1.655 r  CounterBCD_inst/PLL_inst/inst/clkout2_buf/O
                         net (fo=12, routed)          0.818    -0.837    CounterBCD_inst/TickCounter_inst/CLK
    SLICE_X30Y25         FDRE                                         r  CounterBCD_inst/TickCounter_inst/count_reg[5]/C
                         clock pessimism              0.255    -0.582    
    SLICE_X30Y25         FDRE (Hold_fdre_C_D)         0.121    -0.461    CounterBCD_inst/TickCounter_inst/count_reg[5]
  -------------------------------------------------------------------
                         required time                          0.461    
                         arrival time                          -0.333    
  -------------------------------------------------------------------
                         slack                                  0.128    

Slack (MET) :             0.228ns  (arrival time - required time)
  Source:                 CounterBCD_inst/TickCounter_inst/count_reg[2]/C
                            (rising edge-triggered cell FDRE clocked by clk_out_200_clk_wiz_0  {rise@0.000ns fall@2.500ns period=5.000ns})
  Destination:            CounterBCD_inst/TickCounter_inst/count_reg[6]/D
                            (rising edge-triggered cell FDRE clocked by clk_out_200_clk_wiz_0  {rise@0.000ns fall@2.500ns period=5.000ns})
  Path Group:             clk_out_200_clk_wiz_0
  Path Type:              Hold (Min at Fast Process Corner)
  Requirement:            0.000ns  (clk_out_200_clk_wiz_0 rise@0.000ns - clk_out_200_clk_wiz_0 rise@0.000ns)
  Data Path Delay:        0.348ns  (logic 0.246ns (70.738%)  route 0.102ns (29.262%))
  Logic Levels:           1  (LUT6=1)
  Clock Path Skew:        0.000ns (DCD - SCD - CPR)
    Destination Clock Delay (DCD):    -0.837ns
    Source Clock Delay      (SCD):    -0.595ns
    Clock Pessimism Removal (CPR):    -0.242ns

    Location             Delay type                Incr(ns)  Path(ns)    Netlist Resource(s)
  -------------------------------------------------------------------    -------------------
                         (clock clk_out_200_clk_wiz_0 rise edge)
                                                      0.000     0.000 r  
    E3                                                0.000     0.000 r  clk (IN)
                         net (fo=0)                   0.000     0.000    CounterBCD_inst/PLL_inst/inst/clk_in
    E3                   IBUF (Prop_ibuf_I_O)         0.257     0.257 r  CounterBCD_inst/PLL_inst/inst/clkin1_ibufg/O
                         net (fo=1, routed)           0.440     0.697    CounterBCD_inst/PLL_inst/inst/clk_in_clk_wiz_0
    MMCME2_ADV_X1Y1      MMCME2_ADV (Prop_mmcme2_adv_CLKIN1_CLKOUT1)
                                                     -2.356    -1.659 r  CounterBCD_inst/PLL_inst/inst/mmcm_adv_inst/CLKOUT1
                         net (fo=1, routed)           0.486    -1.173    CounterBCD_inst/PLL_inst/inst/clk_out_200_clk_wiz_0
    BUFGCTRL_X0Y16       BUFG (Prop_bufg_I_O)         0.026    -1.147 r  CounterBCD_inst/PLL_inst/inst/clkout2_buf/O
                         net (fo=12, routed)          0.552    -0.595    CounterBCD_inst/TickCounter_inst/CLK
    SLICE_X30Y25         FDRE                                         r  CounterBCD_inst/TickCounter_inst/count_reg[2]/C
  -------------------------------------------------------------------    -------------------
    SLICE_X30Y25         FDRE (Prop_fdre_C_Q)         0.148    -0.447 r  CounterBCD_inst/TickCounter_inst/count_reg[2]/Q
                         net (fo=6, routed)           0.102    -0.345    CounterBCD_inst/TickCounter_inst/count[2]
    SLICE_X30Y25         LUT6 (Prop_lut6_I3_O)        0.098    -0.247 r  CounterBCD_inst/TickCounter_inst/count[6]_i_2/O
                         net (fo=1, routed)           0.000    -0.247    CounterBCD_inst/TickCounter_inst/plusOp[6]
    SLICE_X30Y25         FDRE                                         r  CounterBCD_inst/TickCounter_inst/count_reg[6]/D
  -------------------------------------------------------------------    -------------------

                         (clock clk_out_200_clk_wiz_0 rise edge)
                                                      0.000     0.000 r  
    E3                                                0.000     0.000 r  clk (IN)
                         net (fo=0)                   0.000     0.000    CounterBCD_inst/PLL_inst/inst/clk_in
    E3                   IBUF (Prop_ibuf_I_O)         0.445     0.445 r  CounterBCD_inst/PLL_inst/inst/clkin1_ibufg/O
                         net (fo=1, routed)           0.480     0.925    CounterBCD_inst/PLL_inst/inst/clk_in_clk_wiz_0
    MMCME2_ADV_X1Y1      MMCME2_ADV (Prop_mmcme2_adv_CLKIN1_CLKOUT1)
                                                     -3.138    -2.213 r  CounterBCD_inst/PLL_inst/inst/mmcm_adv_inst/CLKOUT1
                         net (fo=1, routed)           0.530    -1.684    CounterBCD_inst/PLL_inst/inst/clk_out_200_clk_wiz_0
    BUFGCTRL_X0Y16       BUFG (Prop_bufg_I_O)         0.029    -1.655 r  CounterBCD_inst/PLL_inst/inst/clkout2_buf/O
                         net (fo=12, routed)          0.818    -0.837    CounterBCD_inst/TickCounter_inst/CLK
    SLICE_X30Y25         FDRE                                         r  CounterBCD_inst/TickCounter_inst/count_reg[6]/C
                         clock pessimism              0.242    -0.595    
    SLICE_X30Y25         FDRE (Hold_fdre_C_D)         0.120    -0.475    CounterBCD_inst/TickCounter_inst/count_reg[6]
  -------------------------------------------------------------------
                         required time                          0.475    
                         arrival time                          -0.247    
  -------------------------------------------------------------------
                         slack                                  0.228    

Slack (MET) :             0.265ns  (arrival time - required time)
  Source:                 CounterBCD_inst/TickCounter_inst/count_reg[0]/C
                            (rising edge-triggered cell FDRE clocked by clk_out_200_clk_wiz_0  {rise@0.000ns fall@2.500ns period=5.000ns})
  Destination:            CounterBCD_inst/TickCounter_inst/count_reg[1]/D
                            (rising edge-triggered cell FDRE clocked by clk_out_200_clk_wiz_0  {rise@0.000ns fall@2.500ns period=5.000ns})
  Path Group:             clk_out_200_clk_wiz_0
  Path Type:              Hold (Min at Fast Process Corner)
  Requirement:            0.000ns  (clk_out_200_clk_wiz_0 rise@0.000ns - clk_out_200_clk_wiz_0 rise@0.000ns)
  Data Path Delay:        0.372ns  (logic 0.183ns (49.139%)  route 0.189ns (50.861%))
  Logic Levels:           1  (LUT2=1)
  Clock Path Skew:        0.000ns (DCD - SCD - CPR)
    Destination Clock Delay (DCD):    -0.837ns
    Source Clock Delay      (SCD):    -0.595ns
    Clock Pessimism Removal (CPR):    -0.242ns

    Location             Delay type                Incr(ns)  Path(ns)    Netlist Resource(s)
  -------------------------------------------------------------------    -------------------
                         (clock clk_out_200_clk_wiz_0 rise edge)
                                                      0.000     0.000 r  
    E3                                                0.000     0.000 r  clk (IN)
                         net (fo=0)                   0.000     0.000    CounterBCD_inst/PLL_inst/inst/clk_in
    E3                   IBUF (Prop_ibuf_I_O)         0.257     0.257 r  CounterBCD_inst/PLL_inst/inst/clkin1_ibufg/O
                         net (fo=1, routed)           0.440     0.697    CounterBCD_inst/PLL_inst/inst/clk_in_clk_wiz_0
    MMCME2_ADV_X1Y1      MMCME2_ADV (Prop_mmcme2_adv_CLKIN1_CLKOUT1)
                                                     -2.356    -1.659 r  CounterBCD_inst/PLL_inst/inst/mmcm_adv_inst/CLKOUT1
                         net (fo=1, routed)           0.486    -1.173    CounterBCD_inst/PLL_inst/inst/clk_out_200_clk_wiz_0
    BUFGCTRL_X0Y16       BUFG (Prop_bufg_I_O)         0.026    -1.147 r  CounterBCD_inst/PLL_inst/inst/clkout2_buf/O
                         net (fo=12, routed)          0.552    -0.595    CounterBCD_inst/TickCounter_inst/CLK
    SLICE_X31Y25         FDRE                                         r  CounterBCD_inst/TickCounter_inst/count_reg[0]/C
  -------------------------------------------------------------------    -------------------
    SLICE_X31Y25         FDRE (Prop_fdre_C_Q)         0.141    -0.454 r  CounterBCD_inst/TickCounter_inst/count_reg[0]/Q
                         net (fo=7, routed)           0.189    -0.265    CounterBCD_inst/TickCounter_inst/count[0]
    SLICE_X31Y25         LUT2 (Prop_lut2_I0_O)        0.042    -0.223 r  CounterBCD_inst/TickCounter_inst/count[1]_i_1/O
                         net (fo=1, routed)           0.000    -0.223    CounterBCD_inst/TickCounter_inst/plusOp[1]
    SLICE_X31Y25         FDRE                                         r  CounterBCD_inst/TickCounter_inst/count_reg[1]/D
  -------------------------------------------------------------------    -------------------

                         (clock clk_out_200_clk_wiz_0 rise edge)
                                                      0.000     0.000 r  
    E3                                                0.000     0.000 r  clk (IN)
                         net (fo=0)                   0.000     0.000    CounterBCD_inst/PLL_inst/inst/clk_in
    E3                   IBUF (Prop_ibuf_I_O)         0.445     0.445 r  CounterBCD_inst/PLL_inst/inst/clkin1_ibufg/O
                         net (fo=1, routed)           0.480     0.925    CounterBCD_inst/PLL_inst/inst/clk_in_clk_wiz_0
    MMCME2_ADV_X1Y1      MMCME2_ADV (Prop_mmcme2_adv_CLKIN1_CLKOUT1)
                                                     -3.138    -2.213 r  CounterBCD_inst/PLL_inst/inst/mmcm_adv_inst/CLKOUT1
                         net (fo=1, routed)           0.530    -1.684    CounterBCD_inst/PLL_inst/inst/clk_out_200_clk_wiz_0
    BUFGCTRL_X0Y16       BUFG (Prop_bufg_I_O)         0.029    -1.655 r  CounterBCD_inst/PLL_inst/inst/clkout2_buf/O
                         net (fo=12, routed)          0.818    -0.837    CounterBCD_inst/TickCounter_inst/CLK
    SLICE_X31Y25         FDRE                                         r  CounterBCD_inst/TickCounter_inst/count_reg[1]/C
                         clock pessimism              0.242    -0.595    
    SLICE_X31Y25         FDRE (Hold_fdre_C_D)         0.107    -0.488    CounterBCD_inst/TickCounter_inst/count_reg[1]
  -------------------------------------------------------------------
                         required time                          0.488    
                         arrival time                          -0.223    
  -------------------------------------------------------------------
                         slack                                  0.265    

Slack (MET) :             0.268ns  (arrival time - required time)
  Source:                 CounterBCD_inst/TickCounter_inst/count_reg[0]/C
                            (rising edge-triggered cell FDRE clocked by clk_out_200_clk_wiz_0  {rise@0.000ns fall@2.500ns period=5.000ns})
  Destination:            CounterBCD_inst/TickCounter_inst/count_reg[4]/D
                            (rising edge-triggered cell FDRE clocked by clk_out_200_clk_wiz_0  {rise@0.000ns fall@2.500ns period=5.000ns})
  Path Group:             clk_out_200_clk_wiz_0
  Path Type:              Hold (Min at Fast Process Corner)
  Requirement:            0.000ns  (clk_out_200_clk_wiz_0 rise@0.000ns - clk_out_200_clk_wiz_0 rise@0.000ns)
  Data Path Delay:        0.375ns  (logic 0.184ns (49.012%)  route 0.191ns (50.988%))
  Logic Levels:           1  (LUT5=1)
  Clock Path Skew:        0.000ns (DCD - SCD - CPR)
    Destination Clock Delay (DCD):    -0.837ns
    Source Clock Delay      (SCD):    -0.595ns
    Clock Pessimism Removal (CPR):    -0.242ns

    Location             Delay type                Incr(ns)  Path(ns)    Netlist Resource(s)
  -------------------------------------------------------------------    -------------------
                         (clock clk_out_200_clk_wiz_0 rise edge)
                                                      0.000     0.000 r  
    E3                                                0.000     0.000 r  clk (IN)
                         net (fo=0)                   0.000     0.000    CounterBCD_inst/PLL_inst/inst/clk_in
    E3                   IBUF (Prop_ibuf_I_O)         0.257     0.257 r  CounterBCD_inst/PLL_inst/inst/clkin1_ibufg/O
                         net (fo=1, routed)           0.440     0.697    CounterBCD_inst/PLL_inst/inst/clk_in_clk_wiz_0
    MMCME2_ADV_X1Y1      MMCME2_ADV (Prop_mmcme2_adv_CLKIN1_CLKOUT1)
                                                     -2.356    -1.659 r  CounterBCD_inst/PLL_inst/inst/mmcm_adv_inst/CLKOUT1
                         net (fo=1, routed)           0.486    -1.173    CounterBCD_inst/PLL_inst/inst/clk_out_200_clk_wiz_0
    BUFGCTRL_X0Y16       BUFG (Prop_bufg_I_O)         0.026    -1.147 r  CounterBCD_inst/PLL_inst/inst/clkout2_buf/O
                         net (fo=12, routed)          0.552    -0.595    CounterBCD_inst/TickCounter_inst/CLK
    SLICE_X31Y25         FDRE                                         r  CounterBCD_inst/TickCounter_inst/count_reg[0]/C
  -------------------------------------------------------------------    -------------------
    SLICE_X31Y25         FDRE (Prop_fdre_C_Q)         0.141    -0.454 r  CounterBCD_inst/TickCounter_inst/count_reg[0]/Q
                         net (fo=7, routed)           0.191    -0.263    CounterBCD_inst/TickCounter_inst/count[0]
    SLICE_X31Y25         LUT5 (Prop_lut5_I2_O)        0.043    -0.220 r  CounterBCD_inst/TickCounter_inst/count[4]_i_1/O
                         net (fo=1, routed)           0.000    -0.220    CounterBCD_inst/TickCounter_inst/plusOp[4]
    SLICE_X31Y25         FDRE                                         r  CounterBCD_inst/TickCounter_inst/count_reg[4]/D
  -------------------------------------------------------------------    -------------------

                         (clock clk_out_200_clk_wiz_0 rise edge)
                                                      0.000     0.000 r  
    E3                                                0.000     0.000 r  clk (IN)
                         net (fo=0)                   0.000     0.000    CounterBCD_inst/PLL_inst/inst/clk_in
    E3                   IBUF (Prop_ibuf_I_O)         0.445     0.445 r  CounterBCD_inst/PLL_inst/inst/clkin1_ibufg/O
                         net (fo=1, routed)           0.480     0.925    CounterBCD_inst/PLL_inst/inst/clk_in_clk_wiz_0
    MMCME2_ADV_X1Y1      MMCME2_ADV (Prop_mmcme2_adv_CLKIN1_CLKOUT1)
                                                     -3.138    -2.213 r  CounterBCD_inst/PLL_inst/inst/mmcm_adv_inst/CLKOUT1
                         net (fo=1, routed)           0.530    -1.684    CounterBCD_inst/PLL_inst/inst/clk_out_200_clk_wiz_0
    BUFGCTRL_X0Y16       BUFG (Prop_bufg_I_O)         0.029    -1.655 r  CounterBCD_inst/PLL_inst/inst/clkout2_buf/O
                         net (fo=12, routed)          0.818    -0.837    CounterBCD_inst/TickCounter_inst/CLK
    SLICE_X31Y25         FDRE                                         r  CounterBCD_inst/TickCounter_inst/count_reg[4]/C
                         clock pessimism              0.242    -0.595    
    SLICE_X31Y25         FDRE (Hold_fdre_C_D)         0.107    -0.488    CounterBCD_inst/TickCounter_inst/count_reg[4]
  -------------------------------------------------------------------
                         required time                          0.488    
                         arrival time                          -0.220    
  -------------------------------------------------------------------
                         slack                                  0.268    

Slack (MET) :             0.284ns  (arrival time - required time)
  Source:                 CounterBCD_inst/TickCounter_inst/count_reg[0]/C
                            (rising edge-triggered cell FDRE clocked by clk_out_200_clk_wiz_0  {rise@0.000ns fall@2.500ns period=5.000ns})
  Destination:            CounterBCD_inst/TickCounter_inst/count_reg[0]/D
                            (rising edge-triggered cell FDRE clocked by clk_out_200_clk_wiz_0  {rise@0.000ns fall@2.500ns period=5.000ns})
  Path Group:             clk_out_200_clk_wiz_0
  Path Type:              Hold (Min at Fast Process Corner)
  Requirement:            0.000ns  (clk_out_200_clk_wiz_0 rise@0.000ns - clk_out_200_clk_wiz_0 rise@0.000ns)
  Data Path Delay:        0.375ns  (logic 0.186ns (49.545%)  route 0.189ns (50.455%))
  Logic Levels:           1  (LUT1=1)
  Clock Path Skew:        0.000ns (DCD - SCD - CPR)
    Destination Clock Delay (DCD):    -0.837ns
    Source Clock Delay      (SCD):    -0.595ns
    Clock Pessimism Removal (CPR):    -0.242ns

    Location             Delay type                Incr(ns)  Path(ns)    Netlist Resource(s)
  -------------------------------------------------------------------    -------------------
                         (clock clk_out_200_clk_wiz_0 rise edge)
                                                      0.000     0.000 r  
    E3                                                0.000     0.000 r  clk (IN)
                         net (fo=0)                   0.000     0.000    CounterBCD_inst/PLL_inst/inst/clk_in
    E3                   IBUF (Prop_ibuf_I_O)         0.257     0.257 r  CounterBCD_inst/PLL_inst/inst/clkin1_ibufg/O
                         net (fo=1, routed)           0.440     0.697    CounterBCD_inst/PLL_inst/inst/clk_in_clk_wiz_0
    MMCME2_ADV_X1Y1      MMCME2_ADV (Prop_mmcme2_adv_CLKIN1_CLKOUT1)
                                                     -2.356    -1.659 r  CounterBCD_inst/PLL_inst/inst/mmcm_adv_inst/CLKOUT1
                         net (fo=1, routed)           0.486    -1.173    CounterBCD_inst/PLL_inst/inst/clk_out_200_clk_wiz_0
    BUFGCTRL_X0Y16       BUFG (Prop_bufg_I_O)         0.026    -1.147 r  CounterBCD_inst/PLL_inst/inst/clkout2_buf/O
                         net (fo=12, routed)          0.552    -0.595    CounterBCD_inst/TickCounter_inst/CLK
    SLICE_X31Y25         FDRE                                         r  CounterBCD_inst/TickCounter_inst/count_reg[0]/C
  -------------------------------------------------------------------    -------------------
    SLICE_X31Y25         FDRE (Prop_fdre_C_Q)         0.141    -0.454 f  CounterBCD_inst/TickCounter_inst/count_reg[0]/Q
                         net (fo=7, routed)           0.189    -0.265    CounterBCD_inst/TickCounter_inst/count[0]
    SLICE_X31Y25         LUT1 (Prop_lut1_I0_O)        0.045    -0.220 r  CounterBCD_inst/TickCounter_inst/count[0]_i_1/O
                         net (fo=1, routed)           0.000    -0.220    CounterBCD_inst/TickCounter_inst/plusOp[0]
    SLICE_X31Y25         FDRE                                         r  CounterBCD_inst/TickCounter_inst/count_reg[0]/D
  -------------------------------------------------------------------    -------------------

                         (clock clk_out_200_clk_wiz_0 rise edge)
                                                      0.000     0.000 r  
    E3                                                0.000     0.000 r  clk (IN)
                         net (fo=0)                   0.000     0.000    CounterBCD_inst/PLL_inst/inst/clk_in
    E3                   IBUF (Prop_ibuf_I_O)         0.445     0.445 r  CounterBCD_inst/PLL_inst/inst/clkin1_ibufg/O
                         net (fo=1, routed)           0.480     0.925    CounterBCD_inst/PLL_inst/inst/clk_in_clk_wiz_0
    MMCME2_ADV_X1Y1      MMCME2_ADV (Prop_mmcme2_adv_CLKIN1_CLKOUT1)
                                                     -3.138    -2.213 r  CounterBCD_inst/PLL_inst/inst/mmcm_adv_inst/CLKOUT1
                         net (fo=1, routed)           0.530    -1.684    CounterBCD_inst/PLL_inst/inst/clk_out_200_clk_wiz_0
    BUFGCTRL_X0Y16       BUFG (Prop_bufg_I_O)         0.029    -1.655 r  CounterBCD_inst/PLL_inst/inst/clkout2_buf/O
                         net (fo=12, routed)          0.818    -0.837    CounterBCD_inst/TickCounter_inst/CLK
    SLICE_X31Y25         FDRE                                         r  CounterBCD_inst/TickCounter_inst/count_reg[0]/C
                         clock pessimism              0.242    -0.595    
    SLICE_X31Y25         FDRE (Hold_fdre_C_D)         0.091    -0.504    CounterBCD_inst/TickCounter_inst/count_reg[0]
  -------------------------------------------------------------------
                         required time                          0.504    
                         arrival time                          -0.220    
  -------------------------------------------------------------------
                         slack                                  0.284    

Slack (MET) :             0.285ns  (arrival time - required time)
  Source:                 CounterBCD_inst/TickCounter_inst/count_reg[0]/C
                            (rising edge-triggered cell FDRE clocked by clk_out_200_clk_wiz_0  {rise@0.000ns fall@2.500ns period=5.000ns})
  Destination:            CounterBCD_inst/TickCounter_inst/count_reg[3]/D
                            (rising edge-triggered cell FDRE clocked by clk_out_200_clk_wiz_0  {rise@0.000ns fall@2.500ns period=5.000ns})
  Path Group:             clk_out_200_clk_wiz_0
  Path Type:              Hold (Min at Fast Process Corner)
  Requirement:            0.000ns  (clk_out_200_clk_wiz_0 rise@0.000ns - clk_out_200_clk_wiz_0 rise@0.000ns)
  Data Path Delay:        0.377ns  (logic 0.186ns (49.283%)  route 0.191ns (50.717%))
  Logic Levels:           1  (LUT4=1)
  Clock Path Skew:        0.000ns (DCD - SCD - CPR)
    Destination Clock Delay (DCD):    -0.837ns
    Source Clock Delay      (SCD):    -0.595ns
    Clock Pessimism Removal (CPR):    -0.242ns

    Location             Delay type                Incr(ns)  Path(ns)    Netlist Resource(s)
  -------------------------------------------------------------------    -------------------
                         (clock clk_out_200_clk_wiz_0 rise edge)
                                                      0.000     0.000 r  
    E3                                                0.000     0.000 r  clk (IN)
                         net (fo=0)                   0.000     0.000    CounterBCD_inst/PLL_inst/inst/clk_in
    E3                   IBUF (Prop_ibuf_I_O)         0.257     0.257 r  CounterBCD_inst/PLL_inst/inst/clkin1_ibufg/O
                         net (fo=1, routed)           0.440     0.697    CounterBCD_inst/PLL_inst/inst/clk_in_clk_wiz_0
    MMCME2_ADV_X1Y1      MMCME2_ADV (Prop_mmcme2_adv_CLKIN1_CLKOUT1)
                                                     -2.356    -1.659 r  CounterBCD_inst/PLL_inst/inst/mmcm_adv_inst/CLKOUT1
                         net (fo=1, routed)           0.486    -1.173    CounterBCD_inst/PLL_inst/inst/clk_out_200_clk_wiz_0
    BUFGCTRL_X0Y16       BUFG (Prop_bufg_I_O)         0.026    -1.147 r  CounterBCD_inst/PLL_inst/inst/clkout2_buf/O
                         net (fo=12, routed)          0.552    -0.595    CounterBCD_inst/TickCounter_inst/CLK
    SLICE_X31Y25         FDRE                                         r  CounterBCD_inst/TickCounter_inst/count_reg[0]/C
  -------------------------------------------------------------------    -------------------
    SLICE_X31Y25         FDRE (Prop_fdre_C_Q)         0.141    -0.454 r  CounterBCD_inst/TickCounter_inst/count_reg[0]/Q
                         net (fo=7, routed)           0.191    -0.263    CounterBCD_inst/TickCounter_inst/count[0]
    SLICE_X31Y25         LUT4 (Prop_lut4_I1_O)        0.045    -0.218 r  CounterBCD_inst/TickCounter_inst/count[3]_i_1/O
                         net (fo=1, routed)           0.000    -0.218    CounterBCD_inst/TickCounter_inst/plusOp[3]
    SLICE_X31Y25         FDRE                                         r  CounterBCD_inst/TickCounter_inst/count_reg[3]/D
  -------------------------------------------------------------------    -------------------

                         (clock clk_out_200_clk_wiz_0 rise edge)
                                                      0.000     0.000 r  
    E3                                                0.000     0.000 r  clk (IN)
                         net (fo=0)                   0.000     0.000    CounterBCD_inst/PLL_inst/inst/clk_in
    E3                   IBUF (Prop_ibuf_I_O)         0.445     0.445 r  CounterBCD_inst/PLL_inst/inst/clkin1_ibufg/O
                         net (fo=1, routed)           0.480     0.925    CounterBCD_inst/PLL_inst/inst/clk_in_clk_wiz_0
    MMCME2_ADV_X1Y1      MMCME2_ADV (Prop_mmcme2_adv_CLKIN1_CLKOUT1)
                                                     -3.138    -2.213 r  CounterBCD_inst/PLL_inst/inst/mmcm_adv_inst/CLKOUT1
                         net (fo=1, routed)           0.530    -1.684    CounterBCD_inst/PLL_inst/inst/clk_out_200_clk_wiz_0
    BUFGCTRL_X0Y16       BUFG (Prop_bufg_I_O)         0.029    -1.655 r  CounterBCD_inst/PLL_inst/inst/clkout2_buf/O
                         net (fo=12, routed)          0.818    -0.837    CounterBCD_inst/TickCounter_inst/CLK
    SLICE_X31Y25         FDRE                                         r  CounterBCD_inst/TickCounter_inst/count_reg[3]/C
                         clock pessimism              0.242    -0.595    
    SLICE_X31Y25         FDRE (Hold_fdre_C_D)         0.092    -0.503    CounterBCD_inst/TickCounter_inst/count_reg[3]
  -------------------------------------------------------------------
                         required time                          0.503    
                         arrival time                          -0.218    
  -------------------------------------------------------------------
                         slack                                  0.285    

Slack (MET) :             0.290ns  (arrival time - required time)
  Source:                 CounterBCD_inst/count_reg[2]/C
                            (rising edge-triggered cell FDRE clocked by clk_out_200_clk_wiz_0  {rise@0.000ns fall@2.500ns period=5.000ns})
  Destination:            CounterBCD_inst/count_reg[2]/D
                            (rising edge-triggered cell FDRE clocked by clk_out_200_clk_wiz_0  {rise@0.000ns fall@2.500ns period=5.000ns})
  Path Group:             clk_out_200_clk_wiz_0
  Path Type:              Hold (Min at Fast Process Corner)
  Requirement:            0.000ns  (clk_out_200_clk_wiz_0 rise@0.000ns - clk_out_200_clk_wiz_0 rise@0.000ns)
  Data Path Delay:        0.421ns  (logic 0.249ns (59.082%)  route 0.172ns (40.918%))
  Logic Levels:           1  (LUT3=1)
  Clock Path Skew:        0.000ns (DCD - SCD - CPR)
    Destination Clock Delay (DCD):    -0.828ns
    Source Clock Delay      (SCD):    -0.587ns
    Clock Pessimism Removal (CPR):    -0.241ns

    Location             Delay type                Incr(ns)  Path(ns)    Netlist Resource(s)
  -------------------------------------------------------------------    -------------------
                         (clock clk_out_200_clk_wiz_0 rise edge)
                                                      0.000     0.000 r  
    E3                                                0.000     0.000 r  clk (IN)
                         net (fo=0)                   0.000     0.000    CounterBCD_inst/PLL_inst/inst/clk_in
    E3                   IBUF (Prop_ibuf_I_O)         0.257     0.257 r  CounterBCD_inst/PLL_inst/inst/clkin1_ibufg/O
                         net (fo=1, routed)           0.440     0.697    CounterBCD_inst/PLL_inst/inst/clk_in_clk_wiz_0
    MMCME2_ADV_X1Y1      MMCME2_ADV (Prop_mmcme2_adv_CLKIN1_CLKOUT1)
                                                     -2.356    -1.659 r  CounterBCD_inst/PLL_inst/inst/mmcm_adv_inst/CLKOUT1
                         net (fo=1, routed)           0.486    -1.173    CounterBCD_inst/PLL_inst/inst/clk_out_200_clk_wiz_0
    BUFGCTRL_X0Y16       BUFG (Prop_bufg_I_O)         0.026    -1.147 r  CounterBCD_inst/PLL_inst/inst/clkout2_buf/O
                         net (fo=12, routed)          0.560    -0.587    CounterBCD_inst/pll_clk_200
    SLICE_X30Y33         FDRE                                         r  CounterBCD_inst/count_reg[2]/C
  -------------------------------------------------------------------    -------------------
    SLICE_X30Y33         FDRE (Prop_fdre_C_Q)         0.148    -0.439 r  CounterBCD_inst/count_reg[2]/Q
                         net (fo=4, routed)           0.172    -0.267    CounterBCD_inst/Q[2]
    SLICE_X30Y33         LUT3 (Prop_lut3_I2_O)        0.101    -0.166 r  CounterBCD_inst/count[2]_i_1__0/O
                         net (fo=1, routed)           0.000    -0.166    CounterBCD_inst/p_1_in[2]
    SLICE_X30Y33         FDRE                                         r  CounterBCD_inst/count_reg[2]/D
  -------------------------------------------------------------------    -------------------

                         (clock clk_out_200_clk_wiz_0 rise edge)
                                                      0.000     0.000 r  
    E3                                                0.000     0.000 r  clk (IN)
                         net (fo=0)                   0.000     0.000    CounterBCD_inst/PLL_inst/inst/clk_in
    E3                   IBUF (Prop_ibuf_I_O)         0.445     0.445 r  CounterBCD_inst/PLL_inst/inst/clkin1_ibufg/O
                         net (fo=1, routed)           0.480     0.925    CounterBCD_inst/PLL_inst/inst/clk_in_clk_wiz_0
    MMCME2_ADV_X1Y1      MMCME2_ADV (Prop_mmcme2_adv_CLKIN1_CLKOUT1)
                                                     -3.138    -2.213 r  CounterBCD_inst/PLL_inst/inst/mmcm_adv_inst/CLKOUT1
                         net (fo=1, routed)           0.530    -1.684    CounterBCD_inst/PLL_inst/inst/clk_out_200_clk_wiz_0
    BUFGCTRL_X0Y16       BUFG (Prop_bufg_I_O)         0.029    -1.655 r  CounterBCD_inst/PLL_inst/inst/clkout2_buf/O
                         net (fo=12, routed)          0.827    -0.828    CounterBCD_inst/pll_clk_200
    SLICE_X30Y33         FDRE                                         r  CounterBCD_inst/count_reg[2]/C
                         clock pessimism              0.241    -0.587    
    SLICE_X30Y33         FDRE (Hold_fdre_C_D)         0.131    -0.456    CounterBCD_inst/count_reg[2]
  -------------------------------------------------------------------
                         required time                          0.456    
                         arrival time                          -0.166    
  -------------------------------------------------------------------
                         slack                                  0.290    

Slack (MET) :             0.294ns  (arrival time - required time)
  Source:                 CounterBCD_inst/count_reg[2]/C
                            (rising edge-triggered cell FDRE clocked by clk_out_200_clk_wiz_0  {rise@0.000ns fall@2.500ns period=5.000ns})
  Destination:            CounterBCD_inst/count_reg[3]/D
                            (rising edge-triggered cell FDRE clocked by clk_out_200_clk_wiz_0  {rise@0.000ns fall@2.500ns period=5.000ns})
  Path Group:             clk_out_200_clk_wiz_0
  Path Type:              Hold (Min at Fast Process Corner)
  Requirement:            0.000ns  (clk_out_200_clk_wiz_0 rise@0.000ns - clk_out_200_clk_wiz_0 rise@0.000ns)
  Data Path Delay:        0.425ns  (logic 0.249ns (58.527%)  route 0.176ns (41.473%))
  Logic Levels:           1  (LUT4=1)
  Clock Path Skew:        0.000ns (DCD - SCD - CPR)
    Destination Clock Delay (DCD):    -0.828ns
    Source Clock Delay      (SCD):    -0.587ns
    Clock Pessimism Removal (CPR):    -0.241ns

    Location             Delay type                Incr(ns)  Path(ns)    Netlist Resource(s)
  -------------------------------------------------------------------    -------------------
                         (clock clk_out_200_clk_wiz_0 rise edge)
                                                      0.000     0.000 r  
    E3                                                0.000     0.000 r  clk (IN)
                         net (fo=0)                   0.000     0.000    CounterBCD_inst/PLL_inst/inst/clk_in
    E3                   IBUF (Prop_ibuf_I_O)         0.257     0.257 r  CounterBCD_inst/PLL_inst/inst/clkin1_ibufg/O
                         net (fo=1, routed)           0.440     0.697    CounterBCD_inst/PLL_inst/inst/clk_in_clk_wiz_0
    MMCME2_ADV_X1Y1      MMCME2_ADV (Prop_mmcme2_adv_CLKIN1_CLKOUT1)
                                                     -2.356    -1.659 r  CounterBCD_inst/PLL_inst/inst/mmcm_adv_inst/CLKOUT1
                         net (fo=1, routed)           0.486    -1.173    CounterBCD_inst/PLL_inst/inst/clk_out_200_clk_wiz_0
    BUFGCTRL_X0Y16       BUFG (Prop_bufg_I_O)         0.026    -1.147 r  CounterBCD_inst/PLL_inst/inst/clkout2_buf/O
                         net (fo=12, routed)          0.560    -0.587    CounterBCD_inst/pll_clk_200
    SLICE_X30Y33         FDRE                                         r  CounterBCD_inst/count_reg[2]/C
  -------------------------------------------------------------------    -------------------
    SLICE_X30Y33         FDRE (Prop_fdre_C_Q)         0.148    -0.439 r  CounterBCD_inst/count_reg[2]/Q
                         net (fo=4, routed)           0.176    -0.263    CounterBCD_inst/Q[2]
    SLICE_X30Y33         LUT4 (Prop_lut4_I3_O)        0.101    -0.162 r  CounterBCD_inst/count[3]_i_2/O
                         net (fo=1, routed)           0.000    -0.162    CounterBCD_inst/p_1_in[3]
    SLICE_X30Y33         FDRE                                         r  CounterBCD_inst/count_reg[3]/D
  -------------------------------------------------------------------    -------------------

                         (clock clk_out_200_clk_wiz_0 rise edge)
                                                      0.000     0.000 r  
    E3                                                0.000     0.000 r  clk (IN)
                         net (fo=0)                   0.000     0.000    CounterBCD_inst/PLL_inst/inst/clk_in
    E3                   IBUF (Prop_ibuf_I_O)         0.445     0.445 r  CounterBCD_inst/PLL_inst/inst/clkin1_ibufg/O
                         net (fo=1, routed)           0.480     0.925    CounterBCD_inst/PLL_inst/inst/clk_in_clk_wiz_0
    MMCME2_ADV_X1Y1      MMCME2_ADV (Prop_mmcme2_adv_CLKIN1_CLKOUT1)
                                                     -3.138    -2.213 r  CounterBCD_inst/PLL_inst/inst/mmcm_adv_inst/CLKOUT1
                         net (fo=1, routed)           0.530    -1.684    CounterBCD_inst/PLL_inst/inst/clk_out_200_clk_wiz_0
    BUFGCTRL_X0Y16       BUFG (Prop_bufg_I_O)         0.029    -1.655 r  CounterBCD_inst/PLL_inst/inst/clkout2_buf/O
                         net (fo=12, routed)          0.827    -0.828    CounterBCD_inst/pll_clk_200
    SLICE_X30Y33         FDRE                                         r  CounterBCD_inst/count_reg[3]/C
                         clock pessimism              0.241    -0.587    
    SLICE_X30Y33         FDRE (Hold_fdre_C_D)         0.131    -0.456    CounterBCD_inst/count_reg[3]
  -------------------------------------------------------------------
                         required time                          0.456    
                         arrival time                          -0.162    
  -------------------------------------------------------------------
                         slack                                  0.294    

Slack (MET) :             0.301ns  (arrival time - required time)
  Source:                 CounterBCD_inst/count_reg[2]/C
                            (rising edge-triggered cell FDRE clocked by clk_out_200_clk_wiz_0  {rise@0.000ns fall@2.500ns period=5.000ns})
  Destination:            CounterBCD_inst/count_reg[1]/D
                            (rising edge-triggered cell FDRE clocked by clk_out_200_clk_wiz_0  {rise@0.000ns fall@2.500ns period=5.000ns})
  Path Group:             clk_out_200_clk_wiz_0
  Path Type:              Hold (Min at Fast Process Corner)
  Requirement:            0.000ns  (clk_out_200_clk_wiz_0 rise@0.000ns - clk_out_200_clk_wiz_0 rise@0.000ns)
  Data Path Delay:        0.422ns  (logic 0.246ns (58.232%)  route 0.176ns (41.768%))
  Logic Levels:           1  (LUT4=1)
  Clock Path Skew:        0.000ns (DCD - SCD - CPR)
    Destination Clock Delay (DCD):    -0.828ns
    Source Clock Delay      (SCD):    -0.587ns
    Clock Pessimism Removal (CPR):    -0.241ns

    Location             Delay type                Incr(ns)  Path(ns)    Netlist Resource(s)
  -------------------------------------------------------------------    -------------------
                         (clock clk_out_200_clk_wiz_0 rise edge)
                                                      0.000     0.000 r  
    E3                                                0.000     0.000 r  clk (IN)
                         net (fo=0)                   0.000     0.000    CounterBCD_inst/PLL_inst/inst/clk_in
    E3                   IBUF (Prop_ibuf_I_O)         0.257     0.257 r  CounterBCD_inst/PLL_inst/inst/clkin1_ibufg/O
                         net (fo=1, routed)           0.440     0.697    CounterBCD_inst/PLL_inst/inst/clk_in_clk_wiz_0
    MMCME2_ADV_X1Y1      MMCME2_ADV (Prop_mmcme2_adv_CLKIN1_CLKOUT1)
                                                     -2.356    -1.659 r  CounterBCD_inst/PLL_inst/inst/mmcm_adv_inst/CLKOUT1
                         net (fo=1, routed)           0.486    -1.173    CounterBCD_inst/PLL_inst/inst/clk_out_200_clk_wiz_0
    BUFGCTRL_X0Y16       BUFG (Prop_bufg_I_O)         0.026    -1.147 r  CounterBCD_inst/PLL_inst/inst/clkout2_buf/O
                         net (fo=12, routed)          0.560    -0.587    CounterBCD_inst/pll_clk_200
    SLICE_X30Y33         FDRE                                         r  CounterBCD_inst/count_reg[2]/C
  -------------------------------------------------------------------    -------------------
    SLICE_X30Y33         FDRE (Prop_fdre_C_Q)         0.148    -0.439 r  CounterBCD_inst/count_reg[2]/Q
                         net (fo=4, routed)           0.176    -0.263    CounterBCD_inst/Q[2]
    SLICE_X30Y33         LUT4 (Prop_lut4_I3_O)        0.098    -0.165 r  CounterBCD_inst/count[1]_i_1__0/O
                         net (fo=1, routed)           0.000    -0.165    CounterBCD_inst/p_1_in[1]
    SLICE_X30Y33         FDRE                                         r  CounterBCD_inst/count_reg[1]/D
  -------------------------------------------------------------------    -------------------

                         (clock clk_out_200_clk_wiz_0 rise edge)
                                                      0.000     0.000 r  
    E3                                                0.000     0.000 r  clk (IN)
                         net (fo=0)                   0.000     0.000    CounterBCD_inst/PLL_inst/inst/clk_in
    E3                   IBUF (Prop_ibuf_I_O)         0.445     0.445 r  CounterBCD_inst/PLL_inst/inst/clkin1_ibufg/O
                         net (fo=1, routed)           0.480     0.925    CounterBCD_inst/PLL_inst/inst/clk_in_clk_wiz_0
    MMCME2_ADV_X1Y1      MMCME2_ADV (Prop_mmcme2_adv_CLKIN1_CLKOUT1)
                                                     -3.138    -2.213 r  CounterBCD_inst/PLL_inst/inst/mmcm_adv_inst/CLKOUT1
                         net (fo=1, routed)           0.530    -1.684    CounterBCD_inst/PLL_inst/inst/clk_out_200_clk_wiz_0
    BUFGCTRL_X0Y16       BUFG (Prop_bufg_I_O)         0.029    -1.655 r  CounterBCD_inst/PLL_inst/inst/clkout2_buf/O
                         net (fo=12, routed)          0.827    -0.828    CounterBCD_inst/pll_clk_200
    SLICE_X30Y33         FDRE                                         r  CounterBCD_inst/count_reg[1]/C
                         clock pessimism              0.241    -0.587    
    SLICE_X30Y33         FDRE (Hold_fdre_C_D)         0.121    -0.466    CounterBCD_inst/count_reg[1]
  -------------------------------------------------------------------
                         required time                          0.466    
                         arrival time                          -0.165    
  -------------------------------------------------------------------
                         slack                                  0.301    

Slack (MET) :             0.414ns  (arrival time - required time)
  Source:                 CounterBCD_inst/TickCounter_inst/tick_reg/C
                            (rising edge-triggered cell FDRE clocked by clk_out_200_clk_wiz_0  {rise@0.000ns fall@2.500ns period=5.000ns})
  Destination:            CounterBCD_inst/count_reg[0]/CE
                            (rising edge-triggered cell FDRE clocked by clk_out_200_clk_wiz_0  {rise@0.000ns fall@2.500ns period=5.000ns})
  Path Group:             clk_out_200_clk_wiz_0
  Path Type:              Hold (Min at Fast Process Corner)
  Requirement:            0.000ns  (clk_out_200_clk_wiz_0 rise@0.000ns - clk_out_200_clk_wiz_0 rise@0.000ns)
  Data Path Delay:        0.417ns  (logic 0.164ns (39.331%)  route 0.253ns (60.669%))
  Logic Levels:           0  
  Clock Path Skew:        0.019ns (DCD - SCD - CPR)
    Destination Clock Delay (DCD):    -0.828ns
    Source Clock Delay      (SCD):    -0.592ns
    Clock Pessimism Removal (CPR):    -0.255ns

    Location             Delay type                Incr(ns)  Path(ns)    Netlist Resource(s)
  -------------------------------------------------------------------    -------------------
                         (clock clk_out_200_clk_wiz_0 rise edge)
                                                      0.000     0.000 r  
    E3                                                0.000     0.000 r  clk (IN)
                         net (fo=0)                   0.000     0.000    CounterBCD_inst/PLL_inst/inst/clk_in
    E3                   IBUF (Prop_ibuf_I_O)         0.257     0.257 r  CounterBCD_inst/PLL_inst/inst/clkin1_ibufg/O
                         net (fo=1, routed)           0.440     0.697    CounterBCD_inst/PLL_inst/inst/clk_in_clk_wiz_0
    MMCME2_ADV_X1Y1      MMCME2_ADV (Prop_mmcme2_adv_CLKIN1_CLKOUT1)
                                                     -2.356    -1.659 r  CounterBCD_inst/PLL_inst/inst/mmcm_adv_inst/CLKOUT1
                         net (fo=1, routed)           0.486    -1.173    CounterBCD_inst/PLL_inst/inst/clk_out_200_clk_wiz_0
    BUFGCTRL_X0Y16       BUFG (Prop_bufg_I_O)         0.026    -1.147 r  CounterBCD_inst/PLL_inst/inst/clkout2_buf/O
                         net (fo=12, routed)          0.555    -0.592    CounterBCD_inst/TickCounter_inst/CLK
    SLICE_X30Y27         FDRE                                         r  CounterBCD_inst/TickCounter_inst/tick_reg/C
  -------------------------------------------------------------------    -------------------
    SLICE_X30Y27         FDRE (Prop_fdre_C_Q)         0.164    -0.428 r  CounterBCD_inst/TickCounter_inst/tick_reg/Q
                         net (fo=4, routed)           0.253    -0.175    CounterBCD_inst/tick
    SLICE_X30Y33         FDRE                                         r  CounterBCD_inst/count_reg[0]/CE
  -------------------------------------------------------------------    -------------------

                         (clock clk_out_200_clk_wiz_0 rise edge)
                                                      0.000     0.000 r  
    E3                                                0.000     0.000 r  clk (IN)
                         net (fo=0)                   0.000     0.000    CounterBCD_inst/PLL_inst/inst/clk_in
    E3                   IBUF (Prop_ibuf_I_O)         0.445     0.445 r  CounterBCD_inst/PLL_inst/inst/clkin1_ibufg/O
                         net (fo=1, routed)           0.480     0.925    CounterBCD_inst/PLL_inst/inst/clk_in_clk_wiz_0
    MMCME2_ADV_X1Y1      MMCME2_ADV (Prop_mmcme2_adv_CLKIN1_CLKOUT1)
                                                     -3.138    -2.213 r  CounterBCD_inst/PLL_inst/inst/mmcm_adv_inst/CLKOUT1
                         net (fo=1, routed)           0.530    -1.684    CounterBCD_inst/PLL_inst/inst/clk_out_200_clk_wiz_0
    BUFGCTRL_X0Y16       BUFG (Prop_bufg_I_O)         0.029    -1.655 r  CounterBCD_inst/PLL_inst/inst/clkout2_buf/O
                         net (fo=12, routed)          0.827    -0.828    CounterBCD_inst/pll_clk_200
    SLICE_X30Y33         FDRE                                         r  CounterBCD_inst/count_reg[0]/C
                         clock pessimism              0.255    -0.573    
    SLICE_X30Y33         FDRE (Hold_fdre_C_CE)       -0.016    -0.589    CounterBCD_inst/count_reg[0]
  -------------------------------------------------------------------
                         required time                          0.589    
                         arrival time                          -0.175    
  -------------------------------------------------------------------
                         slack                                  0.414    





Pulse Width Checks
--------------------------------------------------------------------------------------
Clock Name:         clk_out_200_clk_wiz_0
Waveform(ns):       { 0.000 2.500 }
Period(ns):         5.000
Sources:            { CounterBCD_inst/PLL_inst/inst/mmcm_adv_inst/CLKOUT1 }

Check Type        Corner  Lib Pin             Reference Pin  Required(ns)  Actual(ns)  Slack(ns)  Location         Pin
Min Period        n/a     BUFG/I              n/a            2.155         5.000       2.845      BUFGCTRL_X0Y16   CounterBCD_inst/PLL_inst/inst/clkout2_buf/I
Min Period        n/a     MMCME2_ADV/CLKOUT1  n/a            1.249         5.000       3.751      MMCME2_ADV_X1Y1  CounterBCD_inst/PLL_inst/inst/mmcm_adv_inst/CLKOUT1
Min Period        n/a     FDRE/C              n/a            1.000         5.000       4.000      SLICE_X30Y33     CounterBCD_inst/count_reg[0]/C
Min Period        n/a     FDRE/C              n/a            1.000         5.000       4.000      SLICE_X30Y33     CounterBCD_inst/count_reg[1]/C
Min Period        n/a     FDRE/C              n/a            1.000         5.000       4.000      SLICE_X30Y33     CounterBCD_inst/count_reg[2]/C
Min Period        n/a     FDRE/C              n/a            1.000         5.000       4.000      SLICE_X30Y33     CounterBCD_inst/count_reg[3]/C
Min Period        n/a     FDRE/C              n/a            1.000         5.000       4.000      SLICE_X31Y25     CounterBCD_inst/TickCounter_inst/count_reg[0]/C
Min Period        n/a     FDRE/C              n/a            1.000         5.000       4.000      SLICE_X31Y25     CounterBCD_inst/TickCounter_inst/count_reg[1]/C
Min Period        n/a     FDRE/C              n/a            1.000         5.000       4.000      SLICE_X30Y25     CounterBCD_inst/TickCounter_inst/count_reg[2]/C
Min Period        n/a     FDRE/C              n/a            1.000         5.000       4.000      SLICE_X31Y25     CounterBCD_inst/TickCounter_inst/count_reg[3]/C
Max Period        n/a     MMCME2_ADV/CLKOUT1  n/a            213.360       5.000       208.360    MMCME2_ADV_X1Y1  CounterBCD_inst/PLL_inst/inst/mmcm_adv_inst/CLKOUT1
Low Pulse Width   Slow    FDRE/C              n/a            0.500         2.500       2.000      SLICE_X30Y33     CounterBCD_inst/count_reg[0]/C
Low Pulse Width   Fast    FDRE/C              n/a            0.500         2.500       2.000      SLICE_X30Y33     CounterBCD_inst/count_reg[0]/C
Low Pulse Width   Slow    FDRE/C              n/a            0.500         2.500       2.000      SLICE_X30Y33     CounterBCD_inst/count_reg[1]/C
Low Pulse Width   Fast    FDRE/C              n/a            0.500         2.500       2.000      SLICE_X30Y33     CounterBCD_inst/count_reg[1]/C
Low Pulse Width   Slow    FDRE/C              n/a            0.500         2.500       2.000      SLICE_X30Y33     CounterBCD_inst/count_reg[2]/C
Low Pulse Width   Fast    FDRE/C              n/a            0.500         2.500       2.000      SLICE_X30Y33     CounterBCD_inst/count_reg[2]/C
Low Pulse Width   Slow    FDRE/C              n/a            0.500         2.500       2.000      SLICE_X30Y33     CounterBCD_inst/count_reg[3]/C
Low Pulse Width   Fast    FDRE/C              n/a            0.500         2.500       2.000      SLICE_X30Y33     CounterBCD_inst/count_reg[3]/C
Low Pulse Width   Slow    FDRE/C              n/a            0.500         2.500       2.000      SLICE_X31Y25     CounterBCD_inst/TickCounter_inst/count_reg[0]/C
Low Pulse Width   Fast    FDRE/C              n/a            0.500         2.500       2.000      SLICE_X31Y25     CounterBCD_inst/TickCounter_inst/count_reg[0]/C
High Pulse Width  Slow    FDRE/C              n/a            0.500         2.500       2.000      SLICE_X30Y33     CounterBCD_inst/count_reg[0]/C
High Pulse Width  Fast    FDRE/C              n/a            0.500         2.500       2.000      SLICE_X30Y33     CounterBCD_inst/count_reg[0]/C
High Pulse Width  Slow    FDRE/C              n/a            0.500         2.500       2.000      SLICE_X30Y33     CounterBCD_inst/count_reg[1]/C
High Pulse Width  Fast    FDRE/C              n/a            0.500         2.500       2.000      SLICE_X30Y33     CounterBCD_inst/count_reg[1]/C
High Pulse Width  Slow    FDRE/C              n/a            0.500         2.500       2.000      SLICE_X30Y33     CounterBCD_inst/count_reg[2]/C
High Pulse Width  Fast    FDRE/C              n/a            0.500         2.500       2.000      SLICE_X30Y33     CounterBCD_inst/count_reg[2]/C
High Pulse Width  Slow    FDRE/C              n/a            0.500         2.500       2.000      SLICE_X30Y33     CounterBCD_inst/count_reg[3]/C
High Pulse Width  Fast    FDRE/C              n/a            0.500         2.500       2.000      SLICE_X30Y33     CounterBCD_inst/count_reg[3]/C
High Pulse Width  Slow    FDRE/C              n/a            0.500         2.500       2.000      SLICE_X31Y25     CounterBCD_inst/TickCounter_inst/count_reg[0]/C
High Pulse Width  Fast    FDRE/C              n/a            0.500         2.500       2.000      SLICE_X31Y25     CounterBCD_inst/TickCounter_inst/count_reg[0]/C



---------------------------------------------------------------------------------------------------
From Clock:  clkfbout_clk_wiz_0
  To Clock:  clkfbout_clk_wiz_0

Setup :           NA  Failing Endpoints,  Worst Slack           NA  ,  Total Violation           NA
Hold  :           NA  Failing Endpoints,  Worst Slack           NA  ,  Total Violation           NA
PW    :            0  Failing Endpoints,  Worst Slack        7.845ns,  Total Violation        0.000ns
---------------------------------------------------------------------------------------------------


Pulse Width Checks
--------------------------------------------------------------------------------------
Clock Name:         clkfbout_clk_wiz_0
Waveform(ns):       { 0.000 5.000 }
Period(ns):         10.000
Sources:            { CounterBCD_inst/PLL_inst/inst/mmcm_adv_inst/CLKFBOUT }

Check Type  Corner  Lib Pin              Reference Pin  Required(ns)  Actual(ns)  Slack(ns)  Location         Pin
Min Period  n/a     BUFG/I               n/a            2.155         10.000      7.845      BUFGCTRL_X0Y17   CounterBCD_inst/PLL_inst/inst/clkf_buf/I
Min Period  n/a     MMCME2_ADV/CLKFBOUT  n/a            1.249         10.000      8.751      MMCME2_ADV_X1Y1  CounterBCD_inst/PLL_inst/inst/mmcm_adv_inst/CLKFBOUT
Min Period  n/a     MMCME2_ADV/CLKFBIN   n/a            1.249         10.000      8.751      MMCME2_ADV_X1Y1  CounterBCD_inst/PLL_inst/inst/mmcm_adv_inst/CLKFBIN
Max Period  n/a     MMCME2_ADV/CLKFBIN   n/a            100.000       10.000      90.000     MMCME2_ADV_X1Y1  CounterBCD_inst/PLL_inst/inst/mmcm_adv_inst/CLKFBIN
Max Period  n/a     MMCME2_ADV/CLKFBOUT  n/a            213.360       10.000      203.360    MMCME2_ADV_X1Y1  CounterBCD_inst/PLL_inst/inst/mmcm_adv_inst/CLKFBOUT



--------------------------------------------------------------------------------------
Path Group:  (none)
From Clock:  clk_out_200_clk_wiz_0
  To Clock:  

Max Delay             4 Endpoints
Min Delay             4 Endpoints
--------------------------------------------------------------------------------------


Max Delay Paths
--------------------------------------------------------------------------------------
Slack:                    inf
  Source:                 CounterBCD_inst/count_reg[3]/C
                            (rising edge-triggered cell FDRE clocked by clk_out_200_clk_wiz_0  {rise@0.000ns fall@2.500ns period=5.000ns})
  Destination:            BCD[3]
                            (output port)
  Path Group:             (none)
  Path Type:              Max at Slow Process Corner
  Data Path Delay:        7.040ns  (logic 3.662ns (52.020%)  route 3.378ns (47.980%))
  Logic Levels:           1  (OBUF=1)
  Clock Uncertainty:      0.161ns  ((TSJ^2 + DJ^2)^1/2) / 2 + PE
    Total System Jitter     (TSJ):    0.050ns
    Discrete Jitter          (DJ):    0.115ns
    Phase Error              (PE):    0.099ns

    Location             Delay type                Incr(ns)  Path(ns)    Netlist Resource(s)
  -------------------------------------------------------------------    -------------------
                         (clock clk_out_200_clk_wiz_0 rise edge)
                                                      0.000     0.000 r  
    E3                                                0.000     0.000 r  clk (IN)
                         net (fo=0)                   0.000     0.000    CounterBCD_inst/PLL_inst/inst/clk_in
    E3                   IBUF (Prop_ibuf_I_O)         1.489     1.489 r  CounterBCD_inst/PLL_inst/inst/clkin1_ibufg/O
                         net (fo=1, routed)           1.233     2.722    CounterBCD_inst/PLL_inst/inst/clk_in_clk_wiz_0
    MMCME2_ADV_X1Y1      MMCME2_ADV (Prop_mmcme2_adv_CLKIN1_CLKOUT1)
                                                     -6.946    -4.224 r  CounterBCD_inst/PLL_inst/inst/mmcm_adv_inst/CLKOUT1
                         net (fo=1, routed)           1.661    -2.563    CounterBCD_inst/PLL_inst/inst/clk_out_200_clk_wiz_0
    BUFGCTRL_X0Y16       BUFG (Prop_bufg_I_O)         0.096    -2.467 r  CounterBCD_inst/PLL_inst/inst/clkout2_buf/O
                         net (fo=12, routed)          1.559    -0.908    CounterBCD_inst/pll_clk_200
    SLICE_X30Y33         FDRE                                         r  CounterBCD_inst/count_reg[3]/C
  -------------------------------------------------------------------    -------------------
    SLICE_X30Y33         FDRE (Prop_fdre_C_Q)         0.478    -0.430 r  CounterBCD_inst/count_reg[3]/Q
                         net (fo=3, routed)           3.378     2.948    BCD_int[3]
    T10                  OBUF (Prop_obuf_I_O)         3.184     6.133 r  OutputBuffers[3].OBUF_inst/O
                         net (fo=0)                   0.000     6.133    BCD[3]
    T10                                                               r  BCD[3] (OUT)
  -------------------------------------------------------------------    -------------------

Slack:                    inf
  Source:                 CounterBCD_inst/count_reg[0]/C
                            (rising edge-triggered cell FDRE clocked by clk_out_200_clk_wiz_0  {rise@0.000ns fall@2.500ns period=5.000ns})
  Destination:            BCD[0]
                            (output port)
  Path Group:             (none)
  Path Type:              Max at Slow Process Corner
  Data Path Delay:        7.008ns  (logic 3.511ns (50.107%)  route 3.496ns (49.893%))
  Logic Levels:           1  (OBUF=1)
  Clock Uncertainty:      0.161ns  ((TSJ^2 + DJ^2)^1/2) / 2 + PE
    Total System Jitter     (TSJ):    0.050ns
    Discrete Jitter          (DJ):    0.115ns
    Phase Error              (PE):    0.099ns

    Location             Delay type                Incr(ns)  Path(ns)    Netlist Resource(s)
  -------------------------------------------------------------------    -------------------
                         (clock clk_out_200_clk_wiz_0 rise edge)
                                                      0.000     0.000 r  
    E3                                                0.000     0.000 r  clk (IN)
                         net (fo=0)                   0.000     0.000    CounterBCD_inst/PLL_inst/inst/clk_in
    E3                   IBUF (Prop_ibuf_I_O)         1.489     1.489 r  CounterBCD_inst/PLL_inst/inst/clkin1_ibufg/O
                         net (fo=1, routed)           1.233     2.722    CounterBCD_inst/PLL_inst/inst/clk_in_clk_wiz_0
    MMCME2_ADV_X1Y1      MMCME2_ADV (Prop_mmcme2_adv_CLKIN1_CLKOUT1)
                                                     -6.946    -4.224 r  CounterBCD_inst/PLL_inst/inst/mmcm_adv_inst/CLKOUT1
                         net (fo=1, routed)           1.661    -2.563    CounterBCD_inst/PLL_inst/inst/clk_out_200_clk_wiz_0
    BUFGCTRL_X0Y16       BUFG (Prop_bufg_I_O)         0.096    -2.467 r  CounterBCD_inst/PLL_inst/inst/clkout2_buf/O
                         net (fo=12, routed)          1.559    -0.908    CounterBCD_inst/pll_clk_200
    SLICE_X30Y33         FDRE                                         r  CounterBCD_inst/count_reg[0]/C
  -------------------------------------------------------------------    -------------------
    SLICE_X30Y33         FDRE (Prop_fdre_C_Q)         0.518    -0.390 r  CounterBCD_inst/count_reg[0]/Q
                         net (fo=5, routed)           3.496     3.107    BCD_int[0]
    H5                   OBUF (Prop_obuf_I_O)         2.993     6.100 r  OutputBuffers[0].OBUF_inst/O
                         net (fo=0)                   0.000     6.100    BCD[0]
    H5                                                                r  BCD[0] (OUT)
  -------------------------------------------------------------------    -------------------

Slack:                    inf
  Source:                 CounterBCD_inst/count_reg[1]/C
                            (rising edge-triggered cell FDRE clocked by clk_out_200_clk_wiz_0  {rise@0.000ns fall@2.500ns period=5.000ns})
  Destination:            BCD[1]
                            (output port)
  Path Group:             (none)
  Path Type:              Max at Slow Process Corner
  Data Path Delay:        6.669ns  (logic 3.493ns (52.381%)  route 3.176ns (47.619%))
  Logic Levels:           1  (OBUF=1)
  Clock Uncertainty:      0.161ns  ((TSJ^2 + DJ^2)^1/2) / 2 + PE
    Total System Jitter     (TSJ):    0.050ns
    Discrete Jitter          (DJ):    0.115ns
    Phase Error              (PE):    0.099ns

    Location             Delay type                Incr(ns)  Path(ns)    Netlist Resource(s)
  -------------------------------------------------------------------    -------------------
                         (clock clk_out_200_clk_wiz_0 rise edge)
                                                      0.000     0.000 r  
    E3                                                0.000     0.000 r  clk (IN)
                         net (fo=0)                   0.000     0.000    CounterBCD_inst/PLL_inst/inst/clk_in
    E3                   IBUF (Prop_ibuf_I_O)         1.489     1.489 r  CounterBCD_inst/PLL_inst/inst/clkin1_ibufg/O
                         net (fo=1, routed)           1.233     2.722    CounterBCD_inst/PLL_inst/inst/clk_in_clk_wiz_0
    MMCME2_ADV_X1Y1      MMCME2_ADV (Prop_mmcme2_adv_CLKIN1_CLKOUT1)
                                                     -6.946    -4.224 r  CounterBCD_inst/PLL_inst/inst/mmcm_adv_inst/CLKOUT1
                         net (fo=1, routed)           1.661    -2.563    CounterBCD_inst/PLL_inst/inst/clk_out_200_clk_wiz_0
    BUFGCTRL_X0Y16       BUFG (Prop_bufg_I_O)         0.096    -2.467 r  CounterBCD_inst/PLL_inst/inst/clkout2_buf/O
                         net (fo=12, routed)          1.559    -0.908    CounterBCD_inst/pll_clk_200
    SLICE_X30Y33         FDRE                                         r  CounterBCD_inst/count_reg[1]/C
  -------------------------------------------------------------------    -------------------
    SLICE_X30Y33         FDRE (Prop_fdre_C_Q)         0.518    -0.390 r  CounterBCD_inst/count_reg[1]/Q
                         net (fo=4, routed)           3.176     2.786    BCD_int[1]
    J5                   OBUF (Prop_obuf_I_O)         2.975     5.762 r  OutputBuffers[1].OBUF_inst/O
                         net (fo=0)                   0.000     5.762    BCD[1]
    J5                                                                r  BCD[1] (OUT)
  -------------------------------------------------------------------    -------------------

Slack:                    inf
  Source:                 CounterBCD_inst/count_reg[2]/C
                            (rising edge-triggered cell FDRE clocked by clk_out_200_clk_wiz_0  {rise@0.000ns fall@2.500ns period=5.000ns})
  Destination:            BCD[2]
                            (output port)
  Path Group:             (none)
  Path Type:              Max at Slow Process Corner
  Data Path Delay:        6.562ns  (logic 3.663ns (55.818%)  route 2.899ns (44.182%))
  Logic Levels:           1  (OBUF=1)
  Clock Uncertainty:      0.161ns  ((TSJ^2 + DJ^2)^1/2) / 2 + PE
    Total System Jitter     (TSJ):    0.050ns
    Discrete Jitter          (DJ):    0.115ns
    Phase Error              (PE):    0.099ns

    Location             Delay type                Incr(ns)  Path(ns)    Netlist Resource(s)
  -------------------------------------------------------------------    -------------------
                         (clock clk_out_200_clk_wiz_0 rise edge)
                                                      0.000     0.000 r  
    E3                                                0.000     0.000 r  clk (IN)
                         net (fo=0)                   0.000     0.000    CounterBCD_inst/PLL_inst/inst/clk_in
    E3                   IBUF (Prop_ibuf_I_O)         1.489     1.489 r  CounterBCD_inst/PLL_inst/inst/clkin1_ibufg/O
                         net (fo=1, routed)           1.233     2.722    CounterBCD_inst/PLL_inst/inst/clk_in_clk_wiz_0
    MMCME2_ADV_X1Y1      MMCME2_ADV (Prop_mmcme2_adv_CLKIN1_CLKOUT1)
                                                     -6.946    -4.224 r  CounterBCD_inst/PLL_inst/inst/mmcm_adv_inst/CLKOUT1
                         net (fo=1, routed)           1.661    -2.563    CounterBCD_inst/PLL_inst/inst/clk_out_200_clk_wiz_0
    BUFGCTRL_X0Y16       BUFG (Prop_bufg_I_O)         0.096    -2.467 r  CounterBCD_inst/PLL_inst/inst/clkout2_buf/O
                         net (fo=12, routed)          1.559    -0.908    CounterBCD_inst/pll_clk_200
    SLICE_X30Y33         FDRE                                         r  CounterBCD_inst/count_reg[2]/C
  -------------------------------------------------------------------    -------------------
    SLICE_X30Y33         FDRE (Prop_fdre_C_Q)         0.478    -0.430 r  CounterBCD_inst/count_reg[2]/Q
                         net (fo=4, routed)           2.899     2.470    BCD_int[2]
    T9                   OBUF (Prop_obuf_I_O)         3.185     5.655 r  OutputBuffers[2].OBUF_inst/O
                         net (fo=0)                   0.000     5.655    BCD[2]
    T9                                                                r  BCD[2] (OUT)
  -------------------------------------------------------------------    -------------------





Min Delay Paths
--------------------------------------------------------------------------------------
Slack:                    inf
  Source:                 CounterBCD_inst/count_reg[2]/C
                            (rising edge-triggered cell FDRE clocked by clk_out_200_clk_wiz_0  {rise@0.000ns fall@2.500ns period=5.000ns})
  Destination:            BCD[2]
                            (output port)
  Path Group:             (none)
  Path Type:              Min at Fast Process Corner
  Data Path Delay:        2.265ns  (logic 1.371ns (60.514%)  route 0.894ns (39.486%))
  Logic Levels:           1  (OBUF=1)
  Clock Uncertainty:      0.161ns  ((TSJ^2 + DJ^2)^1/2) / 2 + PE
    Total System Jitter     (TSJ):    0.050ns
    Discrete Jitter          (DJ):    0.115ns
    Phase Error              (PE):    0.099ns

    Location             Delay type                Incr(ns)  Path(ns)    Netlist Resource(s)
  -------------------------------------------------------------------    -------------------
                         (clock clk_out_200_clk_wiz_0 rise edge)
                                                      0.000     0.000 r  
    E3                                                0.000     0.000 r  clk (IN)
                         net (fo=0)                   0.000     0.000    CounterBCD_inst/PLL_inst/inst/clk_in
    E3                   IBUF (Prop_ibuf_I_O)         0.257     0.257 r  CounterBCD_inst/PLL_inst/inst/clkin1_ibufg/O
                         net (fo=1, routed)           0.440     0.697    CounterBCD_inst/PLL_inst/inst/clk_in_clk_wiz_0
    MMCME2_ADV_X1Y1      MMCME2_ADV (Prop_mmcme2_adv_CLKIN1_CLKOUT1)
                                                     -2.356    -1.659 r  CounterBCD_inst/PLL_inst/inst/mmcm_adv_inst/CLKOUT1
                         net (fo=1, routed)           0.486    -1.173    CounterBCD_inst/PLL_inst/inst/clk_out_200_clk_wiz_0
    BUFGCTRL_X0Y16       BUFG (Prop_bufg_I_O)         0.026    -1.147 r  CounterBCD_inst/PLL_inst/inst/clkout2_buf/O
                         net (fo=12, routed)          0.560    -0.587    CounterBCD_inst/pll_clk_200
    SLICE_X30Y33         FDRE                                         r  CounterBCD_inst/count_reg[2]/C
  -------------------------------------------------------------------    -------------------
    SLICE_X30Y33         FDRE (Prop_fdre_C_Q)         0.148    -0.439 r  CounterBCD_inst/count_reg[2]/Q
                         net (fo=4, routed)           0.894     0.455    BCD_int[2]
    T9                   OBUF (Prop_obuf_I_O)         1.223     1.678 r  OutputBuffers[2].OBUF_inst/O
                         net (fo=0)                   0.000     1.678    BCD[2]
    T9                                                                r  BCD[2] (OUT)
  -------------------------------------------------------------------    -------------------

Slack:                    inf
  Source:                 CounterBCD_inst/count_reg[1]/C
                            (rising edge-triggered cell FDRE clocked by clk_out_200_clk_wiz_0  {rise@0.000ns fall@2.500ns period=5.000ns})
  Destination:            BCD[1]
                            (output port)
  Path Group:             (none)
  Path Type:              Min at Fast Process Corner
  Data Path Delay:        2.345ns  (logic 1.295ns (55.239%)  route 1.050ns (44.761%))
  Logic Levels:           1  (OBUF=1)
  Clock Uncertainty:      0.161ns  ((TSJ^2 + DJ^2)^1/2) / 2 + PE
    Total System Jitter     (TSJ):    0.050ns
    Discrete Jitter          (DJ):    0.115ns
    Phase Error              (PE):    0.099ns

    Location             Delay type                Incr(ns)  Path(ns)    Netlist Resource(s)
  -------------------------------------------------------------------    -------------------
                         (clock clk_out_200_clk_wiz_0 rise edge)
                                                      0.000     0.000 r  
    E3                                                0.000     0.000 r  clk (IN)
                         net (fo=0)                   0.000     0.000    CounterBCD_inst/PLL_inst/inst/clk_in
    E3                   IBUF (Prop_ibuf_I_O)         0.257     0.257 r  CounterBCD_inst/PLL_inst/inst/clkin1_ibufg/O
                         net (fo=1, routed)           0.440     0.697    CounterBCD_inst/PLL_inst/inst/clk_in_clk_wiz_0
    MMCME2_ADV_X1Y1      MMCME2_ADV (Prop_mmcme2_adv_CLKIN1_CLKOUT1)
                                                     -2.356    -1.659 r  CounterBCD_inst/PLL_inst/inst/mmcm_adv_inst/CLKOUT1
                         net (fo=1, routed)           0.486    -1.173    CounterBCD_inst/PLL_inst/inst/clk_out_200_clk_wiz_0
    BUFGCTRL_X0Y16       BUFG (Prop_bufg_I_O)         0.026    -1.147 r  CounterBCD_inst/PLL_inst/inst/clkout2_buf/O
                         net (fo=12, routed)          0.560    -0.587    CounterBCD_inst/pll_clk_200
    SLICE_X30Y33         FDRE                                         r  CounterBCD_inst/count_reg[1]/C
  -------------------------------------------------------------------    -------------------
    SLICE_X30Y33         FDRE (Prop_fdre_C_Q)         0.164    -0.423 r  CounterBCD_inst/count_reg[1]/Q
                         net (fo=4, routed)           1.050     0.627    BCD_int[1]
    J5                   OBUF (Prop_obuf_I_O)         1.131     1.758 r  OutputBuffers[1].OBUF_inst/O
                         net (fo=0)                   0.000     1.758    BCD[1]
    J5                                                                r  BCD[1] (OUT)
  -------------------------------------------------------------------    -------------------

Slack:                    inf
  Source:                 CounterBCD_inst/count_reg[0]/C
                            (rising edge-triggered cell FDRE clocked by clk_out_200_clk_wiz_0  {rise@0.000ns fall@2.500ns period=5.000ns})
  Destination:            BCD[0]
                            (output port)
  Path Group:             (none)
  Path Type:              Min at Fast Process Corner
  Data Path Delay:        2.492ns  (logic 1.313ns (52.709%)  route 1.178ns (47.291%))
  Logic Levels:           1  (OBUF=1)
  Clock Uncertainty:      0.161ns  ((TSJ^2 + DJ^2)^1/2) / 2 + PE
    Total System Jitter     (TSJ):    0.050ns
    Discrete Jitter          (DJ):    0.115ns
    Phase Error              (PE):    0.099ns

    Location             Delay type                Incr(ns)  Path(ns)    Netlist Resource(s)
  -------------------------------------------------------------------    -------------------
                         (clock clk_out_200_clk_wiz_0 rise edge)
                                                      0.000     0.000 r  
    E3                                                0.000     0.000 r  clk (IN)
                         net (fo=0)                   0.000     0.000    CounterBCD_inst/PLL_inst/inst/clk_in
    E3                   IBUF (Prop_ibuf_I_O)         0.257     0.257 r  CounterBCD_inst/PLL_inst/inst/clkin1_ibufg/O
                         net (fo=1, routed)           0.440     0.697    CounterBCD_inst/PLL_inst/inst/clk_in_clk_wiz_0
    MMCME2_ADV_X1Y1      MMCME2_ADV (Prop_mmcme2_adv_CLKIN1_CLKOUT1)
                                                     -2.356    -1.659 r  CounterBCD_inst/PLL_inst/inst/mmcm_adv_inst/CLKOUT1
                         net (fo=1, routed)           0.486    -1.173    CounterBCD_inst/PLL_inst/inst/clk_out_200_clk_wiz_0
    BUFGCTRL_X0Y16       BUFG (Prop_bufg_I_O)         0.026    -1.147 r  CounterBCD_inst/PLL_inst/inst/clkout2_buf/O
                         net (fo=12, routed)          0.560    -0.587    CounterBCD_inst/pll_clk_200
    SLICE_X30Y33         FDRE                                         r  CounterBCD_inst/count_reg[0]/C
  -------------------------------------------------------------------    -------------------
    SLICE_X30Y33         FDRE (Prop_fdre_C_Q)         0.164    -0.423 r  CounterBCD_inst/count_reg[0]/Q
                         net (fo=5, routed)           1.178     0.755    BCD_int[0]
    H5                   OBUF (Prop_obuf_I_O)         1.149     1.905 r  OutputBuffers[0].OBUF_inst/O
                         net (fo=0)                   0.000     1.905    BCD[0]
    H5                                                                r  BCD[0] (OUT)
  -------------------------------------------------------------------    -------------------

Slack:                    inf
  Source:                 CounterBCD_inst/count_reg[3]/C
                            (rising edge-triggered cell FDRE clocked by clk_out_200_clk_wiz_0  {rise@0.000ns fall@2.500ns period=5.000ns})
  Destination:            BCD[3]
                            (output port)
  Path Group:             (none)
  Path Type:              Min at Fast Process Corner
  Data Path Delay:        2.581ns  (logic 1.365ns (52.891%)  route 1.216ns (47.109%))
  Logic Levels:           1  (OBUF=1)
  Clock Uncertainty:      0.161ns  ((TSJ^2 + DJ^2)^1/2) / 2 + PE
    Total System Jitter     (TSJ):    0.050ns
    Discrete Jitter          (DJ):    0.115ns
    Phase Error              (PE):    0.099ns

    Location             Delay type                Incr(ns)  Path(ns)    Netlist Resource(s)
  -------------------------------------------------------------------    -------------------
                         (clock clk_out_200_clk_wiz_0 rise edge)
                                                      0.000     0.000 r  
    E3                                                0.000     0.000 r  clk (IN)
                         net (fo=0)                   0.000     0.000    CounterBCD_inst/PLL_inst/inst/clk_in
    E3                   IBUF (Prop_ibuf_I_O)         0.257     0.257 r  CounterBCD_inst/PLL_inst/inst/clkin1_ibufg/O
                         net (fo=1, routed)           0.440     0.697    CounterBCD_inst/PLL_inst/inst/clk_in_clk_wiz_0
    MMCME2_ADV_X1Y1      MMCME2_ADV (Prop_mmcme2_adv_CLKIN1_CLKOUT1)
                                                     -2.356    -1.659 r  CounterBCD_inst/PLL_inst/inst/mmcm_adv_inst/CLKOUT1
                         net (fo=1, routed)           0.486    -1.173    CounterBCD_inst/PLL_inst/inst/clk_out_200_clk_wiz_0
    BUFGCTRL_X0Y16       BUFG (Prop_bufg_I_O)         0.026    -1.147 r  CounterBCD_inst/PLL_inst/inst/clkout2_buf/O
                         net (fo=12, routed)          0.560    -0.587    CounterBCD_inst/pll_clk_200
    SLICE_X30Y33         FDRE                                         r  CounterBCD_inst/count_reg[3]/C
  -------------------------------------------------------------------    -------------------
    SLICE_X30Y33         FDRE (Prop_fdre_C_Q)         0.148    -0.439 r  CounterBCD_inst/count_reg[3]/Q
                         net (fo=3, routed)           1.216     0.777    BCD_int[3]
    T10                  OBUF (Prop_obuf_I_O)         1.217     1.994 r  OutputBuffers[3].OBUF_inst/O
                         net (fo=0)                   0.000     1.994    BCD[3]
    T10                                                               r  BCD[3] (OUT)
  -------------------------------------------------------------------    -------------------





--------------------------------------------------------------------------------------
Path Group:  (none)
From Clock:  clkfbout_clk_wiz_0
  To Clock:  

Max Delay             1 Endpoint
Min Delay             1 Endpoint
--------------------------------------------------------------------------------------


Max Delay Paths
--------------------------------------------------------------------------------------
Slack:                    inf
  Source:                 CounterBCD_inst/PLL_inst/inst/mmcm_adv_inst/CLKFBOUT
                            (clock source 'clkfbout_clk_wiz_0'  {rise@0.000ns fall@5.000ns period=10.000ns})
  Destination:            CounterBCD_inst/PLL_inst/inst/mmcm_adv_inst/CLKFBIN
  Path Group:             (none)
  Path Type:              Max at Fast Process Corner
  Data Path Delay:        1.371ns  (logic 0.029ns (2.115%)  route 1.342ns (97.885%))
  Logic Levels:           1  (BUFG=1)
  Clock Uncertainty:      0.148ns  ((TSJ^2 + DJ^2)^1/2) / 2 + PE
    Total System Jitter     (TSJ):    0.050ns
    Discrete Jitter          (DJ):    0.086ns
    Phase Error              (PE):    0.099ns

    Location             Delay type                Incr(ns)  Path(ns)    Netlist Resource(s)
  -------------------------------------------------------------------    -------------------
                         (clock clkfbout_clk_wiz_0 fall edge)
                                                      5.000     5.000 f  
    E3                                                0.000     5.000 f  clk (IN)
                         net (fo=0)                   0.000     5.000    CounterBCD_inst/PLL_inst/inst/clk_in
    E3                   IBUF (Prop_ibuf_I_O)         0.445     5.445 f  CounterBCD_inst/PLL_inst/inst/clkin1_ibufg/O
                         net (fo=1, routed)           0.480     5.925    CounterBCD_inst/PLL_inst/inst/clk_in_clk_wiz_0
  -------------------------------------------------------------------    -------------------
    MMCME2_ADV_X1Y1      MMCME2_ADV (Prop_mmcme2_adv_CLKIN1_CLKFBOUT)
                                                     -3.138     2.787 f  CounterBCD_inst/PLL_inst/inst/mmcm_adv_inst/CLKFBOUT
                         net (fo=1, routed)           0.530     3.316    CounterBCD_inst/PLL_inst/inst/clkfbout_clk_wiz_0
    BUFGCTRL_X0Y17       BUFG (Prop_bufg_I_O)         0.029     3.345 f  CounterBCD_inst/PLL_inst/inst/clkf_buf/O
                         net (fo=1, routed)           0.813     4.158    CounterBCD_inst/PLL_inst/inst/clkfbout_buf_clk_wiz_0
    MMCME2_ADV_X1Y1      MMCME2_ADV                                   f  CounterBCD_inst/PLL_inst/inst/mmcm_adv_inst/CLKFBIN
  -------------------------------------------------------------------    -------------------





Min Delay Paths
--------------------------------------------------------------------------------------
Slack:                    inf
  Source:                 CounterBCD_inst/PLL_inst/inst/mmcm_adv_inst/CLKFBOUT
                            (clock source 'clkfbout_clk_wiz_0'  {rise@0.000ns fall@5.000ns period=10.000ns})
  Destination:            CounterBCD_inst/PLL_inst/inst/mmcm_adv_inst/CLKFBIN
  Path Group:             (none)
  Path Type:              Min at Slow Process Corner
  Data Path Delay:        3.116ns  (logic 0.091ns (2.921%)  route 3.025ns (97.079%))
  Logic Levels:           1  (BUFG=1)
  Clock Uncertainty:      0.148ns  ((TSJ^2 + DJ^2)^1/2) / 2 + PE
    Total System Jitter     (TSJ):    0.050ns
    Discrete Jitter          (DJ):    0.086ns
    Phase Error              (PE):    0.099ns

    Location             Delay type                Incr(ns)  Path(ns)    Netlist Resource(s)
  -------------------------------------------------------------------    -------------------
                         (clock clkfbout_clk_wiz_0 rise edge)
                                                      0.000     0.000 r  
    E3                                                0.000     0.000 r  clk (IN)
                         net (fo=0)                   0.000     0.000    CounterBCD_inst/PLL_inst/inst/clk_in
    E3                   IBUF (Prop_ibuf_I_O)         1.418     1.418 r  CounterBCD_inst/PLL_inst/inst/clkin1_ibufg/O
                         net (fo=1, routed)           1.162     2.580    CounterBCD_inst/PLL_inst/inst/clk_in_clk_wiz_0
  -------------------------------------------------------------------    -------------------
    MMCME2_ADV_X1Y1      MMCME2_ADV (Prop_mmcme2_adv_CLKIN1_CLKFBOUT)
                                                     -7.204    -4.624 r  CounterBCD_inst/PLL_inst/inst/mmcm_adv_inst/CLKFBOUT
                         net (fo=1, routed)           1.581    -3.043    CounterBCD_inst/PLL_inst/inst/clkfbout_clk_wiz_0
    BUFGCTRL_X0Y17       BUFG (Prop_bufg_I_O)         0.091    -2.952 r  CounterBCD_inst/PLL_inst/inst/clkf_buf/O
                         net (fo=1, routed)           1.444    -1.508    CounterBCD_inst/PLL_inst/inst/clkfbout_buf_clk_wiz_0
    MMCME2_ADV_X1Y1      MMCME2_ADV                                   r  CounterBCD_inst/PLL_inst/inst/mmcm_adv_inst/CLKFBIN
  -------------------------------------------------------------------    -------------------





--------------------------------------------------------------------------------------
Path Group:  (none)
From Clock:  
  To Clock:  clk_out_200_clk_wiz_0

Max Delay             4 Endpoints
Min Delay             4 Endpoints
--------------------------------------------------------------------------------------


Max Delay Paths
--------------------------------------------------------------------------------------
Slack:                    inf
  Source:                 rst
                            (input port)
  Destination:            CounterBCD_inst/count_reg[0]/R
                            (rising edge-triggered cell FDRE clocked by clk_out_200_clk_wiz_0  {rise@0.000ns fall@2.500ns period=5.000ns})
  Path Group:             (none)
  Path Type:              Setup (Max at Slow Process Corner)
  Data Path Delay:        7.219ns  (logic 1.636ns (22.656%)  route 5.583ns (77.344%))
  Logic Levels:           2  (IBUF=1 LUT2=1)
  Clock Path Skew:        -1.510ns (DCD - SCD + CPR)
    Destination Clock Delay (DCD):    -1.510ns
    Source Clock Delay      (SCD):    0.000ns
    Clock Pessimism Removal (CPR):    0.000ns
  Clock Uncertainty:      0.161ns  ((TSJ^2 + DJ^2)^1/2) / 2 + PE
    Total System Jitter     (TSJ):    0.050ns
    Discrete Jitter          (DJ):    0.115ns
    Phase Error              (PE):    0.099ns

    Location             Delay type                Incr(ns)  Path(ns)    Netlist Resource(s)
  -------------------------------------------------------------------    -------------------
    C11                                               0.000     0.000 r  rst (IN)
                         net (fo=0)                   0.000     0.000    rst
    C11                  IBUF (Prop_ibuf_I_O)         1.512     1.512 r  rst_IBUF_inst/O
                         net (fo=1, routed)           4.393     5.905    CounterBCD_inst/rst_IBUF
    SLICE_X30Y51         LUT2 (Prop_lut2_I0_O)        0.124     6.029 r  CounterBCD_inst/count[3]_i_1__0/O
                         net (fo=4, routed)           1.190     7.219    CounterBCD_inst/count[3]_i_1__0_n_0
    SLICE_X30Y33         FDRE                                         r  CounterBCD_inst/count_reg[0]/R
  -------------------------------------------------------------------    -------------------

                         (clock clk_out_200_clk_wiz_0 rise edge)
                                                      0.000     0.000 r  
    E3                                                0.000     0.000 r  clk (IN)
                         net (fo=0)                   0.000     0.000    CounterBCD_inst/PLL_inst/inst/clk_in
    E3                   IBUF (Prop_ibuf_I_O)         1.418     1.418 r  CounterBCD_inst/PLL_inst/inst/clkin1_ibufg/O
                         net (fo=1, routed)           1.162     2.580    CounterBCD_inst/PLL_inst/inst/clk_in_clk_wiz_0
    MMCME2_ADV_X1Y1      MMCME2_ADV (Prop_mmcme2_adv_CLKIN1_CLKOUT1)
                                                     -7.204    -4.624 r  CounterBCD_inst/PLL_inst/inst/mmcm_adv_inst/CLKOUT1
                         net (fo=1, routed)           1.581    -3.043    CounterBCD_inst/PLL_inst/inst/clk_out_200_clk_wiz_0
    BUFGCTRL_X0Y16       BUFG (Prop_bufg_I_O)         0.091    -2.952 r  CounterBCD_inst/PLL_inst/inst/clkout2_buf/O
                         net (fo=12, routed)          1.441    -1.510    CounterBCD_inst/pll_clk_200
    SLICE_X30Y33         FDRE                                         r  CounterBCD_inst/count_reg[0]/C

Slack:                    inf
  Source:                 rst
                            (input port)
  Destination:            CounterBCD_inst/count_reg[1]/R
                            (rising edge-triggered cell FDRE clocked by clk_out_200_clk_wiz_0  {rise@0.000ns fall@2.500ns period=5.000ns})
  Path Group:             (none)
  Path Type:              Setup (Max at Slow Process Corner)
  Data Path Delay:        7.219ns  (logic 1.636ns (22.656%)  route 5.583ns (77.344%))
  Logic Levels:           2  (IBUF=1 LUT2=1)
  Clock Path Skew:        -1.510ns (DCD - SCD + CPR)
    Destination Clock Delay (DCD):    -1.510ns
    Source Clock Delay      (SCD):    0.000ns
    Clock Pessimism Removal (CPR):    0.000ns
  Clock Uncertainty:      0.161ns  ((TSJ^2 + DJ^2)^1/2) / 2 + PE
    Total System Jitter     (TSJ):    0.050ns
    Discrete Jitter          (DJ):    0.115ns
    Phase Error              (PE):    0.099ns

    Location             Delay type                Incr(ns)  Path(ns)    Netlist Resource(s)
  -------------------------------------------------------------------    -------------------
    C11                                               0.000     0.000 r  rst (IN)
                         net (fo=0)                   0.000     0.000    rst
    C11                  IBUF (Prop_ibuf_I_O)         1.512     1.512 r  rst_IBUF_inst/O
                         net (fo=1, routed)           4.393     5.905    CounterBCD_inst/rst_IBUF
    SLICE_X30Y51         LUT2 (Prop_lut2_I0_O)        0.124     6.029 r  CounterBCD_inst/count[3]_i_1__0/O
                         net (fo=4, routed)           1.190     7.219    CounterBCD_inst/count[3]_i_1__0_n_0
    SLICE_X30Y33         FDRE                                         r  CounterBCD_inst/count_reg[1]/R
  -------------------------------------------------------------------    -------------------

                         (clock clk_out_200_clk_wiz_0 rise edge)
                                                      0.000     0.000 r  
    E3                                                0.000     0.000 r  clk (IN)
                         net (fo=0)                   0.000     0.000    CounterBCD_inst/PLL_inst/inst/clk_in
    E3                   IBUF (Prop_ibuf_I_O)         1.418     1.418 r  CounterBCD_inst/PLL_inst/inst/clkin1_ibufg/O
                         net (fo=1, routed)           1.162     2.580    CounterBCD_inst/PLL_inst/inst/clk_in_clk_wiz_0
    MMCME2_ADV_X1Y1      MMCME2_ADV (Prop_mmcme2_adv_CLKIN1_CLKOUT1)
                                                     -7.204    -4.624 r  CounterBCD_inst/PLL_inst/inst/mmcm_adv_inst/CLKOUT1
                         net (fo=1, routed)           1.581    -3.043    CounterBCD_inst/PLL_inst/inst/clk_out_200_clk_wiz_0
    BUFGCTRL_X0Y16       BUFG (Prop_bufg_I_O)         0.091    -2.952 r  CounterBCD_inst/PLL_inst/inst/clkout2_buf/O
                         net (fo=12, routed)          1.441    -1.510    CounterBCD_inst/pll_clk_200
    SLICE_X30Y33         FDRE                                         r  CounterBCD_inst/count_reg[1]/C

Slack:                    inf
  Source:                 rst
                            (input port)
  Destination:            CounterBCD_inst/count_reg[2]/R
                            (rising edge-triggered cell FDRE clocked by clk_out_200_clk_wiz_0  {rise@0.000ns fall@2.500ns period=5.000ns})
  Path Group:             (none)
  Path Type:              Setup (Max at Slow Process Corner)
  Data Path Delay:        7.219ns  (logic 1.636ns (22.656%)  route 5.583ns (77.344%))
  Logic Levels:           2  (IBUF=1 LUT2=1)
  Clock Path Skew:        -1.510ns (DCD - SCD + CPR)
    Destination Clock Delay (DCD):    -1.510ns
    Source Clock Delay      (SCD):    0.000ns
    Clock Pessimism Removal (CPR):    0.000ns
  Clock Uncertainty:      0.161ns  ((TSJ^2 + DJ^2)^1/2) / 2 + PE
    Total System Jitter     (TSJ):    0.050ns
    Discrete Jitter          (DJ):    0.115ns
    Phase Error              (PE):    0.099ns

    Location             Delay type                Incr(ns)  Path(ns)    Netlist Resource(s)
  -------------------------------------------------------------------    -------------------
    C11                                               0.000     0.000 r  rst (IN)
                         net (fo=0)                   0.000     0.000    rst
    C11                  IBUF (Prop_ibuf_I_O)         1.512     1.512 r  rst_IBUF_inst/O
                         net (fo=1, routed)           4.393     5.905    CounterBCD_inst/rst_IBUF
    SLICE_X30Y51         LUT2 (Prop_lut2_I0_O)        0.124     6.029 r  CounterBCD_inst/count[3]_i_1__0/O
                         net (fo=4, routed)           1.190     7.219    CounterBCD_inst/count[3]_i_1__0_n_0
    SLICE_X30Y33         FDRE                                         r  CounterBCD_inst/count_reg[2]/R
  -------------------------------------------------------------------    -------------------

                         (clock clk_out_200_clk_wiz_0 rise edge)
                                                      0.000     0.000 r  
    E3                                                0.000     0.000 r  clk (IN)
                         net (fo=0)                   0.000     0.000    CounterBCD_inst/PLL_inst/inst/clk_in
    E3                   IBUF (Prop_ibuf_I_O)         1.418     1.418 r  CounterBCD_inst/PLL_inst/inst/clkin1_ibufg/O
                         net (fo=1, routed)           1.162     2.580    CounterBCD_inst/PLL_inst/inst/clk_in_clk_wiz_0
    MMCME2_ADV_X1Y1      MMCME2_ADV (Prop_mmcme2_adv_CLKIN1_CLKOUT1)
                                                     -7.204    -4.624 r  CounterBCD_inst/PLL_inst/inst/mmcm_adv_inst/CLKOUT1
                         net (fo=1, routed)           1.581    -3.043    CounterBCD_inst/PLL_inst/inst/clk_out_200_clk_wiz_0
    BUFGCTRL_X0Y16       BUFG (Prop_bufg_I_O)         0.091    -2.952 r  CounterBCD_inst/PLL_inst/inst/clkout2_buf/O
                         net (fo=12, routed)          1.441    -1.510    CounterBCD_inst/pll_clk_200
    SLICE_X30Y33         FDRE                                         r  CounterBCD_inst/count_reg[2]/C

Slack:                    inf
  Source:                 rst
                            (input port)
  Destination:            CounterBCD_inst/count_reg[3]/R
                            (rising edge-triggered cell FDRE clocked by clk_out_200_clk_wiz_0  {rise@0.000ns fall@2.500ns period=5.000ns})
  Path Group:             (none)
  Path Type:              Setup (Max at Slow Process Corner)
  Data Path Delay:        7.219ns  (logic 1.636ns (22.656%)  route 5.583ns (77.344%))
  Logic Levels:           2  (IBUF=1 LUT2=1)
  Clock Path Skew:        -1.510ns (DCD - SCD + CPR)
    Destination Clock Delay (DCD):    -1.510ns
    Source Clock Delay      (SCD):    0.000ns
    Clock Pessimism Removal (CPR):    0.000ns
  Clock Uncertainty:      0.161ns  ((TSJ^2 + DJ^2)^1/2) / 2 + PE
    Total System Jitter     (TSJ):    0.050ns
    Discrete Jitter          (DJ):    0.115ns
    Phase Error              (PE):    0.099ns

    Location             Delay type                Incr(ns)  Path(ns)    Netlist Resource(s)
  -------------------------------------------------------------------    -------------------
    C11                                               0.000     0.000 r  rst (IN)
                         net (fo=0)                   0.000     0.000    rst
    C11                  IBUF (Prop_ibuf_I_O)         1.512     1.512 r  rst_IBUF_inst/O
                         net (fo=1, routed)           4.393     5.905    CounterBCD_inst/rst_IBUF
    SLICE_X30Y51         LUT2 (Prop_lut2_I0_O)        0.124     6.029 r  CounterBCD_inst/count[3]_i_1__0/O
                         net (fo=4, routed)           1.190     7.219    CounterBCD_inst/count[3]_i_1__0_n_0
    SLICE_X30Y33         FDRE                                         r  CounterBCD_inst/count_reg[3]/R
  -------------------------------------------------------------------    -------------------

                         (clock clk_out_200_clk_wiz_0 rise edge)
                                                      0.000     0.000 r  
    E3                                                0.000     0.000 r  clk (IN)
                         net (fo=0)                   0.000     0.000    CounterBCD_inst/PLL_inst/inst/clk_in
    E3                   IBUF (Prop_ibuf_I_O)         1.418     1.418 r  CounterBCD_inst/PLL_inst/inst/clkin1_ibufg/O
                         net (fo=1, routed)           1.162     2.580    CounterBCD_inst/PLL_inst/inst/clk_in_clk_wiz_0
    MMCME2_ADV_X1Y1      MMCME2_ADV (Prop_mmcme2_adv_CLKIN1_CLKOUT1)
                                                     -7.204    -4.624 r  CounterBCD_inst/PLL_inst/inst/mmcm_adv_inst/CLKOUT1
                         net (fo=1, routed)           1.581    -3.043    CounterBCD_inst/PLL_inst/inst/clk_out_200_clk_wiz_0
    BUFGCTRL_X0Y16       BUFG (Prop_bufg_I_O)         0.091    -2.952 r  CounterBCD_inst/PLL_inst/inst/clkout2_buf/O
                         net (fo=12, routed)          1.441    -1.510    CounterBCD_inst/pll_clk_200
    SLICE_X30Y33         FDRE                                         r  CounterBCD_inst/count_reg[3]/C





Min Delay Paths
--------------------------------------------------------------------------------------
Slack:                    inf
  Source:                 rst
                            (input port)
  Destination:            CounterBCD_inst/count_reg[0]/R
                            (rising edge-triggered cell FDRE clocked by clk_out_200_clk_wiz_0  {rise@0.000ns fall@2.500ns period=5.000ns})
  Path Group:             (none)
  Path Type:              Hold (Min at Fast Process Corner)
  Data Path Delay:        2.649ns  (logic 0.324ns (12.232%)  route 2.325ns (87.768%))
  Logic Levels:           2  (IBUF=1 LUT2=1)
  Clock Path Skew:        -0.828ns (DCD - SCD - CPR)
    Destination Clock Delay (DCD):    -0.828ns
    Source Clock Delay      (SCD):    0.000ns
    Clock Pessimism Removal (CPR):    -0.000ns

    Location             Delay type                Incr(ns)  Path(ns)    Netlist Resource(s)
  -------------------------------------------------------------------    -------------------
    C11                                               0.000     0.000 r  rst (IN)
                         net (fo=0)                   0.000     0.000    rst
    C11                  IBUF (Prop_ibuf_I_O)         0.279     0.279 r  rst_IBUF_inst/O
                         net (fo=1, routed)           1.859     2.138    CounterBCD_inst/rst_IBUF
    SLICE_X30Y51         LUT2 (Prop_lut2_I0_O)        0.045     2.183 r  CounterBCD_inst/count[3]_i_1__0/O
                         net (fo=4, routed)           0.466     2.649    CounterBCD_inst/count[3]_i_1__0_n_0
    SLICE_X30Y33         FDRE                                         r  CounterBCD_inst/count_reg[0]/R
  -------------------------------------------------------------------    -------------------

                         (clock clk_out_200_clk_wiz_0 rise edge)
                                                      0.000     0.000 r  
    E3                                                0.000     0.000 r  clk (IN)
                         net (fo=0)                   0.000     0.000    CounterBCD_inst/PLL_inst/inst/clk_in
    E3                   IBUF (Prop_ibuf_I_O)         0.445     0.445 r  CounterBCD_inst/PLL_inst/inst/clkin1_ibufg/O
                         net (fo=1, routed)           0.480     0.925    CounterBCD_inst/PLL_inst/inst/clk_in_clk_wiz_0
    MMCME2_ADV_X1Y1      MMCME2_ADV (Prop_mmcme2_adv_CLKIN1_CLKOUT1)
                                                     -3.138    -2.213 r  CounterBCD_inst/PLL_inst/inst/mmcm_adv_inst/CLKOUT1
                         net (fo=1, routed)           0.530    -1.684    CounterBCD_inst/PLL_inst/inst/clk_out_200_clk_wiz_0
    BUFGCTRL_X0Y16       BUFG (Prop_bufg_I_O)         0.029    -1.655 r  CounterBCD_inst/PLL_inst/inst/clkout2_buf/O
                         net (fo=12, routed)          0.827    -0.828    CounterBCD_inst/pll_clk_200
    SLICE_X30Y33         FDRE                                         r  CounterBCD_inst/count_reg[0]/C

Slack:                    inf
  Source:                 rst
                            (input port)
  Destination:            CounterBCD_inst/count_reg[1]/R
                            (rising edge-triggered cell FDRE clocked by clk_out_200_clk_wiz_0  {rise@0.000ns fall@2.500ns period=5.000ns})
  Path Group:             (none)
  Path Type:              Hold (Min at Fast Process Corner)
  Data Path Delay:        2.649ns  (logic 0.324ns (12.232%)  route 2.325ns (87.768%))
  Logic Levels:           2  (IBUF=1 LUT2=1)
  Clock Path Skew:        -0.828ns (DCD - SCD - CPR)
    Destination Clock Delay (DCD):    -0.828ns
    Source Clock Delay      (SCD):    0.000ns
    Clock Pessimism Removal (CPR):    -0.000ns

    Location             Delay type                Incr(ns)  Path(ns)    Netlist Resource(s)
  -------------------------------------------------------------------    -------------------
    C11                                               0.000     0.000 r  rst (IN)
                         net (fo=0)                   0.000     0.000    rst
    C11                  IBUF (Prop_ibuf_I_O)         0.279     0.279 r  rst_IBUF_inst/O
                         net (fo=1, routed)           1.859     2.138    CounterBCD_inst/rst_IBUF
    SLICE_X30Y51         LUT2 (Prop_lut2_I0_O)        0.045     2.183 r  CounterBCD_inst/count[3]_i_1__0/O
                         net (fo=4, routed)           0.466     2.649    CounterBCD_inst/count[3]_i_1__0_n_0
    SLICE_X30Y33         FDRE                                         r  CounterBCD_inst/count_reg[1]/R
  -------------------------------------------------------------------    -------------------

                         (clock clk_out_200_clk_wiz_0 rise edge)
                                                      0.000     0.000 r  
    E3                                                0.000     0.000 r  clk (IN)
                         net (fo=0)                   0.000     0.000    CounterBCD_inst/PLL_inst/inst/clk_in
    E3                   IBUF (Prop_ibuf_I_O)         0.445     0.445 r  CounterBCD_inst/PLL_inst/inst/clkin1_ibufg/O
                         net (fo=1, routed)           0.480     0.925    CounterBCD_inst/PLL_inst/inst/clk_in_clk_wiz_0
    MMCME2_ADV_X1Y1      MMCME2_ADV (Prop_mmcme2_adv_CLKIN1_CLKOUT1)
                                                     -3.138    -2.213 r  CounterBCD_inst/PLL_inst/inst/mmcm_adv_inst/CLKOUT1
                         net (fo=1, routed)           0.530    -1.684    CounterBCD_inst/PLL_inst/inst/clk_out_200_clk_wiz_0
    BUFGCTRL_X0Y16       BUFG (Prop_bufg_I_O)         0.029    -1.655 r  CounterBCD_inst/PLL_inst/inst/clkout2_buf/O
                         net (fo=12, routed)          0.827    -0.828    CounterBCD_inst/pll_clk_200
    SLICE_X30Y33         FDRE                                         r  CounterBCD_inst/count_reg[1]/C

Slack:                    inf
  Source:                 rst
                            (input port)
  Destination:            CounterBCD_inst/count_reg[2]/R
                            (rising edge-triggered cell FDRE clocked by clk_out_200_clk_wiz_0  {rise@0.000ns fall@2.500ns period=5.000ns})
  Path Group:             (none)
  Path Type:              Hold (Min at Fast Process Corner)
  Data Path Delay:        2.649ns  (logic 0.324ns (12.232%)  route 2.325ns (87.768%))
  Logic Levels:           2  (IBUF=1 LUT2=1)
  Clock Path Skew:        -0.828ns (DCD - SCD - CPR)
    Destination Clock Delay (DCD):    -0.828ns
    Source Clock Delay      (SCD):    0.000ns
    Clock Pessimism Removal (CPR):    -0.000ns

    Location             Delay type                Incr(ns)  Path(ns)    Netlist Resource(s)
  -------------------------------------------------------------------    -------------------
    C11                                               0.000     0.000 r  rst (IN)
                         net (fo=0)                   0.000     0.000    rst
    C11                  IBUF (Prop_ibuf_I_O)         0.279     0.279 r  rst_IBUF_inst/O
                         net (fo=1, routed)           1.859     2.138    CounterBCD_inst/rst_IBUF
    SLICE_X30Y51         LUT2 (Prop_lut2_I0_O)        0.045     2.183 r  CounterBCD_inst/count[3]_i_1__0/O
                         net (fo=4, routed)           0.466     2.649    CounterBCD_inst/count[3]_i_1__0_n_0
    SLICE_X30Y33         FDRE                                         r  CounterBCD_inst/count_reg[2]/R
  -------------------------------------------------------------------    -------------------

                         (clock clk_out_200_clk_wiz_0 rise edge)
                                                      0.000     0.000 r  
    E3                                                0.000     0.000 r  clk (IN)
                         net (fo=0)                   0.000     0.000    CounterBCD_inst/PLL_inst/inst/clk_in
    E3                   IBUF (Prop_ibuf_I_O)         0.445     0.445 r  CounterBCD_inst/PLL_inst/inst/clkin1_ibufg/O
                         net (fo=1, routed)           0.480     0.925    CounterBCD_inst/PLL_inst/inst/clk_in_clk_wiz_0
    MMCME2_ADV_X1Y1      MMCME2_ADV (Prop_mmcme2_adv_CLKIN1_CLKOUT1)
                                                     -3.138    -2.213 r  CounterBCD_inst/PLL_inst/inst/mmcm_adv_inst/CLKOUT1
                         net (fo=1, routed)           0.530    -1.684    CounterBCD_inst/PLL_inst/inst/clk_out_200_clk_wiz_0
    BUFGCTRL_X0Y16       BUFG (Prop_bufg_I_O)         0.029    -1.655 r  CounterBCD_inst/PLL_inst/inst/clkout2_buf/O
                         net (fo=12, routed)          0.827    -0.828    CounterBCD_inst/pll_clk_200
    SLICE_X30Y33         FDRE                                         r  CounterBCD_inst/count_reg[2]/C

Slack:                    inf
  Source:                 rst
                            (input port)
  Destination:            CounterBCD_inst/count_reg[3]/R
                            (rising edge-triggered cell FDRE clocked by clk_out_200_clk_wiz_0  {rise@0.000ns fall@2.500ns period=5.000ns})
  Path Group:             (none)
  Path Type:              Hold (Min at Fast Process Corner)
  Data Path Delay:        2.649ns  (logic 0.324ns (12.232%)  route 2.325ns (87.768%))
  Logic Levels:           2  (IBUF=1 LUT2=1)
  Clock Path Skew:        -0.828ns (DCD - SCD - CPR)
    Destination Clock Delay (DCD):    -0.828ns
    Source Clock Delay      (SCD):    0.000ns
    Clock Pessimism Removal (CPR):    -0.000ns

    Location             Delay type                Incr(ns)  Path(ns)    Netlist Resource(s)
  -------------------------------------------------------------------    -------------------
    C11                                               0.000     0.000 r  rst (IN)
                         net (fo=0)                   0.000     0.000    rst
    C11                  IBUF (Prop_ibuf_I_O)         0.279     0.279 r  rst_IBUF_inst/O
                         net (fo=1, routed)           1.859     2.138    CounterBCD_inst/rst_IBUF
    SLICE_X30Y51         LUT2 (Prop_lut2_I0_O)        0.045     2.183 r  CounterBCD_inst/count[3]_i_1__0/O
                         net (fo=4, routed)           0.466     2.649    CounterBCD_inst/count[3]_i_1__0_n_0
    SLICE_X30Y33         FDRE                                         r  CounterBCD_inst/count_reg[3]/R
  -------------------------------------------------------------------    -------------------

                         (clock clk_out_200_clk_wiz_0 rise edge)
                                                      0.000     0.000 r  
    E3                                                0.000     0.000 r  clk (IN)
                         net (fo=0)                   0.000     0.000    CounterBCD_inst/PLL_inst/inst/clk_in
    E3                   IBUF (Prop_ibuf_I_O)         0.445     0.445 r  CounterBCD_inst/PLL_inst/inst/clkin1_ibufg/O
                         net (fo=1, routed)           0.480     0.925    CounterBCD_inst/PLL_inst/inst/clk_in_clk_wiz_0
    MMCME2_ADV_X1Y1      MMCME2_ADV (Prop_mmcme2_adv_CLKIN1_CLKOUT1)
                                                     -3.138    -2.213 r  CounterBCD_inst/PLL_inst/inst/mmcm_adv_inst/CLKOUT1
                         net (fo=1, routed)           0.530    -1.684    CounterBCD_inst/PLL_inst/inst/clk_out_200_clk_wiz_0
    BUFGCTRL_X0Y16       BUFG (Prop_bufg_I_O)         0.029    -1.655 r  CounterBCD_inst/PLL_inst/inst/clkout2_buf/O
                         net (fo=12, routed)          0.827    -0.828    CounterBCD_inst/pll_clk_200
    SLICE_X30Y33         FDRE                                         r  CounterBCD_inst/count_reg[3]/C





